m_pre,m_rec,auc_pr
1.0,0.001098901098901099,0.7659443628588654
1.0,0.002197802197802198,0.7659443628588654
1.0,0.0032967032967032967,0.7659443628588654
1.0,0.004395604395604396,0.7659443628588654
0.8,0.004395604395604396,0.7659443628588654
0.8333333333333334,0.005494505494505495,0.7659443628588654
0.8571428571428571,0.006593406593406593,0.7659443628588654
0.875,0.007692307692307693,0.7659443628588654
0.8888888888888888,0.008791208791208791,0.7659443628588654
0.8,0.008791208791208791,0.7659443628588654
0.8181818181818182,0.00989010989010989,0.7659443628588654
0.8333333333333334,0.01098901098901099,0.7659443628588654
0.8461538461538461,0.012087912087912088,0.7659443628588654
0.8571428571428571,0.013186813186813187,0.7659443628588654
0.8666666666666667,0.014285714285714285,0.7659443628588654
0.875,0.015384615384615385,0.7659443628588654
0.8823529411764706,0.016483516483516484,0.7659443628588654
0.8888888888888888,0.017582417582417582,0.7659443628588654
0.8947368421052632,0.01868131868131868,0.7659443628588654
0.9,0.01978021978021978,0.7659443628588654
0.9047619047619048,0.020879120879120878,0.7659443628588654
0.9090909090909091,0.02197802197802198,0.7659443628588654
0.9130434782608695,0.023076923076923078,0.7659443628588654
0.9166666666666666,0.024175824175824177,0.7659443628588654
0.92,0.025274725274725275,0.7659443628588654
0.8846153846153846,0.025274725274725275,0.7659443628588654
0.8518518518518519,0.025274725274725275,0.7659443628588654
0.8214285714285714,0.025274725274725275,0.7659443628588654
0.8275862068965517,0.026373626373626374,0.7659443628588654
0.8333333333333334,0.027472527472527472,0.7659443628588654
0.8064516129032258,0.027472527472527472,0.7659443628588654
0.8125,0.02857142857142857,0.7659443628588654
0.8181818181818182,0.02967032967032967,0.7659443628588654
0.7941176470588235,0.02967032967032967,0.7659443628588654
0.7714285714285715,0.02967032967032967,0.7659443628588654
0.7777777777777778,0.03076923076923077,0.7659443628588654
0.7837837837837838,0.031868131868131866,0.7659443628588654
0.7894736842105263,0.03296703296703297,0.7659443628588654
0.7948717948717948,0.03406593406593406,0.7659443628588654
0.8,0.035164835164835165,0.7659443628588654
0.7804878048780488,0.035164835164835165,0.7659443628588654
0.7857142857142857,0.03626373626373627,0.7659443628588654
0.7674418604651163,0.03626373626373627,0.7659443628588654
0.7727272727272727,0.03736263736263736,0.7659443628588654
0.7555555555555555,0.03736263736263736,0.7659443628588654
0.7608695652173914,0.038461538461538464,0.7659443628588654
0.7659574468085106,0.03956043956043956,0.7659443628588654
0.7708333333333334,0.04065934065934066,0.7659443628588654
0.7755102040816326,0.041758241758241756,0.7659443628588654
0.76,0.041758241758241756,0.7659443628588654
0.7647058823529411,0.04285714285714286,0.7659443628588654
0.7692307692307693,0.04395604395604396,0.7659443628588654
0.7735849056603774,0.045054945054945054,0.7659443628588654
0.7777777777777778,0.046153846153846156,0.7659443628588654
0.7818181818181819,0.04725274725274725,0.7659443628588654
0.7857142857142857,0.04835164835164835,0.7659443628588654
0.7719298245614035,0.04835164835164835,0.7659443628588654
0.7586206896551724,0.04835164835164835,0.7659443628588654
0.7457627118644068,0.04835164835164835,0.7659443628588654
0.75,0.04945054945054945,0.7659443628588654
0.7377049180327869,0.04945054945054945,0.7659443628588654
0.7419354838709677,0.05054945054945055,0.7659443628588654
0.746031746031746,0.051648351648351645,0.7659443628588654
0.75,0.05274725274725275,0.7659443628588654
0.7538461538461538,0.05384615384615385,0.7659443628588654
0.7575757575757576,0.054945054945054944,0.7659443628588654
0.7611940298507462,0.056043956043956046,0.7659443628588654
0.7647058823529411,0.05714285714285714,0.7659443628588654
0.7681159420289855,0.05824175824175824,0.7659443628588654
0.7714285714285715,0.05934065934065934,0.7659443628588654
0.7746478873239436,0.06043956043956044,0.7659443628588654
0.7777777777777778,0.06153846153846154,0.7659443628588654
0.7808219178082192,0.06263736263736264,0.7659443628588654
0.7837837837837838,0.06373626373626373,0.7659443628588654
0.7866666666666666,0.06483516483516484,0.7659443628588654
0.7894736842105263,0.06593406593406594,0.7659443628588654
0.7922077922077922,0.06703296703296703,0.7659443628588654
0.7948717948717948,0.06813186813186813,0.7659443628588654
0.7974683544303798,0.06923076923076923,0.7659443628588654
0.8,0.07032967032967033,0.7659443628588654
0.8024691358024691,0.07142857142857142,0.7659443628588654
0.8048780487804879,0.07252747252747253,0.7659443628588654
0.8072289156626506,0.07362637362637363,0.7659443628588654
0.8095238095238095,0.07472527472527472,0.7659443628588654
0.8117647058823529,0.07582417582417582,0.7659443628588654
0.813953488372093,0.07692307692307693,0.7659443628588654
0.8045977011494253,0.07692307692307693,0.7659443628588654
0.8068181818181818,0.07802197802197802,0.7659443628588654
0.797752808988764,0.07802197802197802,0.7659443628588654
0.8,0.07912087912087912,0.7659443628588654
0.8021978021978022,0.08021978021978023,0.7659443628588654
0.8043478260869565,0.08131868131868132,0.7659443628588654
0.8064516129032258,0.08241758241758242,0.7659443628588654
0.8085106382978723,0.08351648351648351,0.7659443628588654
0.8105263157894737,0.08461538461538462,0.7659443628588654
0.8125,0.08571428571428572,0.7659443628588654
0.8144329896907216,0.08681318681318681,0.7659443628588654
0.8163265306122449,0.08791208791208792,0.7659443628588654
0.8080808080808081,0.08791208791208792,0.7659443628588654
0.81,0.08901098901098901,0.7659443628588654
0.8118811881188119,0.09010989010989011,0.7659443628588654
0.8137254901960784,0.0912087912087912,0.7659443628588654
0.8058252427184466,0.0912087912087912,0.7659443628588654
0.7980769230769231,0.0912087912087912,0.7659443628588654
0.7904761904761904,0.0912087912087912,0.7659443628588654
0.7830188679245284,0.0912087912087912,0.7659443628588654
0.7757009345794392,0.0912087912087912,0.7659443628588654
0.7777777777777778,0.09230769230769231,0.7659443628588654
0.7798165137614679,0.09340659340659341,0.7659443628588654
0.7818181818181819,0.0945054945054945,0.7659443628588654
0.7837837837837838,0.0956043956043956,0.7659443628588654
0.7857142857142857,0.0967032967032967,0.7659443628588654
0.7876106194690266,0.0978021978021978,0.7659443628588654
0.7894736842105263,0.0989010989010989,0.7659443628588654
0.7913043478260869,0.1,0.7659443628588654
0.7931034482758621,0.1010989010989011,0.7659443628588654
0.7948717948717948,0.1021978021978022,0.7659443628588654
0.7966101694915254,0.10329670329670329,0.7659443628588654
0.7983193277310925,0.1043956043956044,0.7659443628588654
0.8,0.1054945054945055,0.7659443628588654
0.8016528925619835,0.10659340659340659,0.7659443628588654
0.8032786885245902,0.1076923076923077,0.7659443628588654
0.8048780487804879,0.1087912087912088,0.7659443628588654
0.8064516129032258,0.10989010989010989,0.7659443628588654
0.808,0.11098901098901098,0.7659443628588654
0.8015873015873016,0.11098901098901098,0.7659443628588654
0.8031496062992126,0.11208791208791209,0.7659443628588654
0.8046875,0.11318681318681319,0.7659443628588654
0.7984496124031008,0.11318681318681319,0.7659443628588654
0.8,0.11428571428571428,0.7659443628588654
0.7938931297709924,0.11428571428571428,0.7659443628588654
0.7954545454545454,0.11538461538461539,0.7659443628588654
0.7894736842105263,0.11538461538461539,0.7659443628588654
0.7835820895522388,0.11538461538461539,0.7659443628588654
0.7777777777777778,0.11538461538461539,0.7659443628588654
0.7794117647058824,0.11648351648351649,0.7659443628588654
0.7737226277372263,0.11648351648351649,0.7659443628588654
0.7681159420289855,0.11648351648351649,0.7659443628588654
0.7697841726618705,0.11758241758241758,0.7659443628588654
0.7642857142857142,0.11758241758241758,0.7659443628588654
0.7659574468085106,0.11868131868131868,0.7659443628588654
0.7676056338028169,0.11978021978021978,0.7659443628588654
0.7622377622377622,0.11978021978021978,0.7659443628588654
0.7638888888888888,0.12087912087912088,0.7659443628588654
0.7586206896551724,0.12087912087912088,0.7659443628588654
0.7602739726027398,0.12197802197802197,0.7659443628588654
0.7551020408163265,0.12197802197802197,0.7659443628588654
0.75,0.12197802197802197,0.7659443628588654
0.7516778523489933,0.12307692307692308,0.7659443628588654
0.7533333333333333,0.12417582417582418,0.7659443628588654
0.7549668874172185,0.12527472527472527,0.7659443628588654
0.756578947368421,0.12637362637362637,0.7659443628588654
0.7581699346405228,0.12747252747252746,0.7659443628588654
0.7597402597402597,0.12857142857142856,0.7659443628588654
0.7612903225806451,0.12967032967032968,0.7659443628588654
0.7628205128205128,0.13076923076923078,0.7659443628588654
0.7579617834394905,0.13076923076923078,0.7659443628588654
0.759493670886076,0.13186813186813187,0.7659443628588654
0.7610062893081762,0.13296703296703297,0.7659443628588654
0.7625,0.13406593406593406,0.7659443628588654
0.7639751552795031,0.13516483516483516,0.7659443628588654
0.7654320987654321,0.13626373626373625,0.7659443628588654
0.7607361963190185,0.13626373626373625,0.7659443628588654
0.7621951219512195,0.13736263736263737,0.7659443628588654
0.7636363636363637,0.13846153846153847,0.7659443628588654
0.7650602409638554,0.13956043956043956,0.7659443628588654
0.7664670658682635,0.14065934065934066,0.7659443628588654
0.7678571428571429,0.14175824175824175,0.7659443628588654
0.7692307692307693,0.14285714285714285,0.7659443628588654
0.7647058823529411,0.14285714285714285,0.7659443628588654
0.7660818713450293,0.14395604395604394,0.7659443628588654
0.7674418604651163,0.14505494505494507,0.7659443628588654
0.7687861271676301,0.14615384615384616,0.7659443628588654
0.7701149425287356,0.14725274725274726,0.7659443628588654
0.7714285714285715,0.14835164835164835,0.7659443628588654
0.7727272727272727,0.14945054945054945,0.7659443628588654
0.7740112994350282,0.15054945054945054,0.7659443628588654
0.7696629213483146,0.15054945054945054,0.7659443628588654
0.770949720670391,0.15164835164835164,0.7659443628588654
0.7722222222222223,0.15274725274725276,0.7659443628588654
0.7734806629834254,0.15384615384615385,0.7659443628588654
0.7747252747252747,0.15494505494505495,0.7659443628588654
0.7759562841530054,0.15604395604395604,0.7659443628588654
0.7717391304347826,0.15604395604395604,0.7659443628588654
0.772972972972973,0.15714285714285714,0.7659443628588654
0.7741935483870968,0.15824175824175823,0.7659443628588654
0.7754010695187166,0.15934065934065933,0.7659443628588654
0.776595744680851,0.16043956043956045,0.7659443628588654
0.7777777777777778,0.16153846153846155,0.7659443628588654
0.7789473684210526,0.16263736263736264,0.7659443628588654
0.7801047120418848,0.16373626373626374,0.7659443628588654
0.78125,0.16483516483516483,0.7659443628588654
0.7823834196891192,0.16593406593406593,0.7659443628588654
0.7835051546391752,0.16703296703296702,0.7659443628588654
0.7846153846153846,0.16813186813186815,0.7659443628588654
0.7857142857142857,0.16923076923076924,0.7659443628588654
0.7868020304568528,0.17032967032967034,0.7659443628588654
0.7878787878787878,0.17142857142857143,0.7659443628588654
0.7889447236180904,0.17252747252747253,0.7659443628588654
0.79,0.17362637362637362,0.7659443628588654
0.7910447761194029,0.17472527472527472,0.7659443628588654
0.7920792079207921,0.17582417582417584,0.7659443628588654
0.7931034482758621,0.17692307692307693,0.7659443628588654
0.7892156862745098,0.17692307692307693,0.7659443628588654
0.7902439024390244,0.17802197802197803,0.7659443628588654
0.7912621359223301,0.17912087912087912,0.7659443628588654
0.7874396135265701,0.17912087912087912,0.7659443628588654
0.7884615384615384,0.18021978021978022,0.7659443628588654
0.7894736842105263,0.1813186813186813,0.7659443628588654
0.7904761904761904,0.1824175824175824,0.7659443628588654
0.7867298578199052,0.1824175824175824,0.7659443628588654
0.7877358490566038,0.1835164835164835,0.7659443628588654
0.7887323943661971,0.18461538461538463,0.7659443628588654
0.7897196261682243,0.18571428571428572,0.7659443628588654
0.786046511627907,0.18571428571428572,0.7659443628588654
0.7870370370370371,0.18681318681318682,0.7659443628588654
0.7880184331797235,0.1879120879120879,0.7659443628588654
0.7844036697247706,0.1879120879120879,0.7659443628588654
0.7853881278538812,0.189010989010989,0.7659443628588654
0.7863636363636364,0.1901098901098901,0.7659443628588654
0.7828054298642534,0.1901098901098901,0.7659443628588654
0.7792792792792793,0.1901098901098901,0.7659443628588654
0.7802690582959642,0.1912087912087912,0.7659443628588654
0.78125,0.19230769230769232,0.7659443628588654
0.7822222222222223,0.1934065934065934,0.7659443628588654
0.7831858407079646,0.1945054945054945,0.7659443628588654
0.7841409691629956,0.1956043956043956,0.7659443628588654
0.7807017543859649,0.1956043956043956,0.7659443628588654
0.7816593886462883,0.1967032967032967,0.7659443628588654
0.7782608695652173,0.1967032967032967,0.7659443628588654
0.7792207792207793,0.1978021978021978,0.7659443628588654
0.7801724137931034,0.1989010989010989,0.7659443628588654
0.7811158798283262,0.2,0.7659443628588654
0.782051282051282,0.2010989010989011,0.7659443628588654
0.7829787234042553,0.2021978021978022,0.7659443628588654
0.7838983050847458,0.2032967032967033,0.7659443628588654
0.7848101265822784,0.2043956043956044,0.7659443628588654
0.7857142857142857,0.20549450549450549,0.7659443628588654
0.7866108786610879,0.20659340659340658,0.7659443628588654
0.7875,0.2076923076923077,0.7659443628588654
0.7883817427385892,0.2087912087912088,0.7659443628588654
0.7892561983471075,0.2098901098901099,0.7659443628588654
0.7901234567901234,0.210989010989011,0.7659443628588654
0.7909836065573771,0.21208791208791208,0.7659443628588654
0.7918367346938775,0.21318681318681318,0.7659443628588654
0.7926829268292683,0.21428571428571427,0.7659443628588654
0.7935222672064778,0.2153846153846154,0.7659443628588654
0.7943548387096774,0.2164835164835165,0.7659443628588654
0.7951807228915663,0.2175824175824176,0.7659443628588654
0.796,0.21868131868131868,0.7659443628588654
0.7928286852589641,0.21868131868131868,0.7659443628588654
0.7896825396825397,0.21868131868131868,0.7659443628588654
0.7905138339920948,0.21978021978021978,0.7659443628588654
0.7874015748031497,0.21978021978021978,0.7659443628588654
0.788235294117647,0.22087912087912087,0.7659443628588654
0.78515625,0.22087912087912087,0.7659443628588654
0.7821011673151751,0.22087912087912087,0.7659443628588654
0.7829457364341085,0.22197802197802197,0.7659443628588654
0.7837837837837838,0.2230769230769231,0.7659443628588654
0.7807692307692308,0.2230769230769231,0.7659443628588654
0.7816091954022989,0.22417582417582418,0.7659443628588654
0.7824427480916031,0.22527472527472528,0.7659443628588654
0.7832699619771863,0.22637362637362637,0.7659443628588654
0.7840909090909091,0.22747252747252747,0.7659443628588654
0.7849056603773585,0.22857142857142856,0.7659443628588654
0.7819548872180451,0.22857142857142856,0.7659443628588654
0.7827715355805244,0.22967032967032966,0.7659443628588654
0.7835820895522388,0.23076923076923078,0.7659443628588654
0.7843866171003717,0.23186813186813188,0.7659443628588654
0.7851851851851852,0.23296703296703297,0.7659443628588654
0.7822878228782287,0.23296703296703297,0.7659443628588654
0.7830882352941176,0.23406593406593407,0.7659443628588654
0.7838827838827839,0.23516483516483516,0.7659443628588654
0.781021897810219,0.23516483516483516,0.7659443628588654
0.7818181818181819,0.23626373626373626,0.7659443628588654
0.7789855072463768,0.23626373626373626,0.7659443628588654
0.779783393501805,0.23736263736263735,0.7659443628588654
0.7805755395683454,0.23846153846153847,0.7659443628588654
0.7813620071684588,0.23956043956043957,0.7659443628588654
0.7821428571428571,0.24065934065934066,0.7659443628588654
0.7829181494661922,0.24175824175824176,0.7659443628588654
0.7836879432624113,0.24285714285714285,0.7659443628588654
0.784452296819788,0.24395604395604395,0.7659443628588654
0.7852112676056338,0.24505494505494504,0.7659443628588654
0.7859649122807018,0.24615384615384617,0.7659443628588654
0.7867132867132867,0.24725274725274726,0.7659443628588654
0.7839721254355401,0.24725274725274726,0.7659443628588654
0.7847222222222222,0.24835164835164836,0.7659443628588654
0.7854671280276817,0.24945054945054945,0.7659443628588654
0.7827586206896552,0.24945054945054945,0.7659443628588654
0.7800687285223368,0.24945054945054945,0.7659443628588654
0.7773972602739726,0.24945054945054945,0.7659443628588654
0.7781569965870307,0.25054945054945055,0.7659443628588654
0.7789115646258503,0.25164835164835164,0.7659443628588654
0.7796610169491526,0.25274725274725274,0.7659443628588654
0.7804054054054054,0.25384615384615383,0.7659443628588654
0.7811447811447811,0.2549450549450549,0.7659443628588654
0.7818791946308725,0.256043956043956,0.7659443628588654
0.782608695652174,0.2571428571428571,0.7659443628588654
0.7833333333333333,0.25824175824175827,0.7659443628588654
0.7840531561461794,0.25934065934065936,0.7659443628588654
0.7847682119205298,0.26043956043956046,0.7659443628588654
0.7821782178217822,0.26043956043956046,0.7659443628588654
0.7828947368421053,0.26153846153846155,0.7659443628588654
0.7836065573770492,0.26263736263736265,0.7659443628588654
0.7810457516339869,0.26263736263736265,0.7659443628588654
0.7817589576547231,0.26373626373626374,0.7659443628588654
0.7792207792207793,0.26373626373626374,0.7659443628588654
0.7799352750809061,0.26483516483516484,0.7659443628588654
0.7806451612903226,0.26593406593406593,0.7659443628588654
0.7813504823151125,0.26703296703296703,0.7659443628588654
0.782051282051282,0.2681318681318681,0.7659443628588654
0.7827476038338658,0.2692307692307692,0.7659443628588654
0.7834394904458599,0.2703296703296703,0.7659443628588654
0.7841269841269841,0.2714285714285714,0.7659443628588654
0.7848101265822784,0.2725274725274725,0.7659443628588654
0.7854889589905363,0.27362637362637365,0.7659443628588654
0.7830188679245284,0.27362637362637365,0.7659443628588654
0.7836990595611285,0.27472527472527475,0.7659443628588654
0.78125,0.27472527472527475,0.7659443628588654
0.7819314641744548,0.27582417582417584,0.7659443628588654
0.782608695652174,0.27692307692307694,0.7659443628588654
0.7832817337461301,0.27802197802197803,0.7659443628588654
0.7839506172839507,0.27912087912087913,0.7659443628588654
0.7846153846153846,0.2802197802197802,0.7659443628588654
0.7852760736196319,0.2813186813186813,0.7659443628588654
0.7859327217125383,0.2824175824175824,0.7659443628588654
0.7865853658536586,0.2835164835164835,0.7659443628588654
0.7872340425531915,0.2846153846153846,0.7659443628588654
0.7848484848484848,0.2846153846153846,0.7659443628588654
0.7854984894259819,0.2857142857142857,0.7659443628588654
0.786144578313253,0.2868131868131868,0.7659443628588654
0.7837837837837838,0.2868131868131868,0.7659443628588654
0.781437125748503,0.2868131868131868,0.7659443628588654
0.7820895522388059,0.2879120879120879,0.7659443628588654
0.7827380952380952,0.289010989010989,0.7659443628588654
0.7833827893175074,0.29010989010989013,0.7659443628588654
0.7840236686390533,0.29120879120879123,0.7659443628588654
0.7817109144542773,0.29120879120879123,0.7659443628588654
0.7823529411764706,0.2923076923076923,0.7659443628588654
0.782991202346041,0.2934065934065934,0.7659443628588654
0.783625730994152,0.2945054945054945,0.7659443628588654
0.7842565597667639,0.2956043956043956,0.7659443628588654
0.7848837209302325,0.2967032967032967,0.7659443628588654
0.782608695652174,0.2967032967032967,0.7659443628588654
0.7803468208092486,0.2967032967032967,0.7659443628588654
0.7809798270893372,0.2978021978021978,0.7659443628588654
0.7816091954022989,0.2989010989010989,0.7659443628588654
0.7822349570200573,0.3,0.7659443628588654
0.7828571428571428,0.3010989010989011,0.7659443628588654
0.7834757834757835,0.3021978021978022,0.7659443628588654
0.7840909090909091,0.3032967032967033,0.7659443628588654
0.7847025495750708,0.30439560439560437,0.7659443628588654
0.7824858757062146,0.30439560439560437,0.7659443628588654
0.7830985915492957,0.3054945054945055,0.7659443628588654
0.7837078651685393,0.3065934065934066,0.7659443628588654
0.7843137254901961,0.3076923076923077,0.7659443628588654
0.7849162011173184,0.3087912087912088,0.7659443628588654
0.7855153203342619,0.3098901098901099,0.7659443628588654
0.7833333333333333,0.3098901098901099,0.7659443628588654
0.7839335180055401,0.310989010989011,0.7659443628588654
0.7817679558011049,0.310989010989011,0.7659443628588654
0.7823691460055097,0.3120879120879121,0.7659443628588654
0.782967032967033,0.3131868131868132,0.7659443628588654
0.7835616438356164,0.3142857142857143,0.7659443628588654
0.7841530054644809,0.3153846153846154,0.7659443628588654
0.784741144414169,0.31648351648351647,0.7659443628588654
0.782608695652174,0.31648351648351647,0.7659443628588654
0.7831978319783198,0.31758241758241756,0.7659443628588654
0.7837837837837838,0.31868131868131866,0.7659443628588654
0.784366576819407,0.31978021978021975,0.7659443628588654
0.7849462365591398,0.3208791208791209,0.7659443628588654
0.7855227882037533,0.321978021978022,0.7659443628588654
0.786096256684492,0.3230769230769231,0.7659443628588654
0.7866666666666666,0.3241758241758242,0.7659443628588654
0.7872340425531915,0.3252747252747253,0.7659443628588654
0.7877984084880637,0.3263736263736264,0.7659443628588654
0.7883597883597884,0.3274725274725275,0.7659443628588654
0.7889182058047494,0.32857142857142857,0.7659443628588654
0.7868421052631579,0.32857142857142857,0.7659443628588654
0.7874015748031497,0.32967032967032966,0.7659443628588654
0.7853403141361257,0.32967032967032966,0.7659443628588654
0.7859007832898173,0.33076923076923076,0.7659443628588654
0.7864583333333334,0.33186813186813185,0.7659443628588654
0.787012987012987,0.33296703296703295,0.7659443628588654
0.7875647668393783,0.33406593406593404,0.7659443628588654
0.7881136950904393,0.33516483516483514,0.7659443628588654
0.788659793814433,0.3362637362637363,0.7659443628588654
0.7892030848329049,0.3373626373626374,0.7659443628588654
0.7897435897435897,0.3384615384615385,0.7659443628588654
0.7902813299232737,0.3395604395604396,0.7659443628588654
0.7908163265306123,0.34065934065934067,0.7659443628588654
0.7913486005089059,0.34175824175824177,0.7659443628588654
0.7918781725888325,0.34285714285714286,0.7659443628588654
0.7924050632911392,0.34395604395604396,0.7659443628588654
0.7929292929292929,0.34505494505494505,0.7659443628588654
0.7909319899244333,0.34505494505494505,0.7659443628588654
0.7914572864321608,0.34615384615384615,0.7659443628588654
0.7919799498746867,0.34725274725274724,0.7659443628588654
0.7925,0.34835164835164834,0.7659443628588654
0.7930174563591023,0.34945054945054943,0.7659443628588654
0.7910447761194029,0.34945054945054943,0.7659443628588654
0.7915632754342432,0.3505494505494505,0.7659443628588654
0.7896039603960396,0.3505494505494505,0.7659443628588654
0.7876543209876543,0.3505494505494505,0.7659443628588654
0.7881773399014779,0.3516483516483517,0.7659443628588654
0.7886977886977887,0.35274725274725277,0.7659443628588654
0.7867647058823529,0.35274725274725277,0.7659443628588654
0.7872860635696821,0.35384615384615387,0.7659443628588654
0.7878048780487805,0.35494505494505496,0.7659443628588654
0.7883211678832117,0.35604395604395606,0.7659443628588654
0.7888349514563107,0.35714285714285715,0.7659443628588654
0.7869249394673123,0.35714285714285715,0.7659443628588654
0.7874396135265701,0.35824175824175825,0.7659443628588654
0.7855421686746988,0.35824175824175825,0.7659443628588654
0.7836538461538461,0.35824175824175825,0.7659443628588654
0.7841726618705036,0.35934065934065934,0.7659443628588654
0.784688995215311,0.36043956043956044,0.7659443628588654
0.7852028639618138,0.36153846153846153,0.7659443628588654
0.7857142857142857,0.3626373626373626,0.7659443628588654
0.7838479809976246,0.3626373626373626,0.7659443628588654
0.7843601895734598,0.3637362637362637,0.7659443628588654
0.7825059101654847,0.3637362637362637,0.7659443628588654
0.7830188679245284,0.3648351648351648,0.7659443628588654
0.7835294117647059,0.3659340659340659,0.7659443628588654
0.784037558685446,0.367032967032967,0.7659443628588654
0.7822014051522248,0.367032967032967,0.7659443628588654
0.780373831775701,0.367032967032967,0.7659443628588654
0.7785547785547785,0.367032967032967,0.7659443628588654
0.7790697674418605,0.36813186813186816,0.7659443628588654
0.777262180974478,0.36813186813186816,0.7659443628588654
0.7777777777777778,0.36923076923076925,0.7659443628588654
0.7782909930715936,0.37032967032967035,0.7659443628588654
0.7788018433179723,0.37142857142857144,0.7659443628588654
0.7793103448275862,0.37252747252747254,0.7659443628588654
0.7798165137614679,0.37362637362637363,0.7659443628588654
0.7803203661327232,0.3747252747252747,0.7659443628588654
0.7808219178082192,0.3758241758241758,0.7659443628588654
0.7813211845102506,0.3769230769230769,0.7659443628588654
0.7818181818181819,0.378021978021978,0.7659443628588654
0.782312925170068,0.3791208791208791,0.7659443628588654
0.7828054298642534,0.3802197802197802,0.7659443628588654
0.781038374717833,0.3802197802197802,0.7659443628588654
0.7815315315315315,0.3813186813186813,0.7659443628588654
0.7820224719101123,0.3824175824175824,0.7659443628588654
0.7825112107623319,0.38351648351648354,0.7659443628588654
0.7829977628635347,0.38461538461538464,0.7659443628588654
0.7834821428571429,0.38571428571428573,0.7659443628588654
0.7817371937639198,0.38571428571428573,0.7659443628588654
0.7822222222222223,0.3868131868131868,0.7659443628588654
0.7827050997782705,0.3879120879120879,0.7659443628588654
0.7831858407079646,0.389010989010989,0.7659443628588654
0.7814569536423841,0.389010989010989,0.7659443628588654
0.7797356828193832,0.389010989010989,0.7659443628588654
0.778021978021978,0.389010989010989,0.7659443628588654
0.7763157894736842,0.389010989010989,0.7659443628588654
0.7768052516411379,0.3901098901098901,0.7659443628588654
0.777292576419214,0.3912087912087912,0.7659443628588654
0.7777777777777778,0.3923076923076923,0.7659443628588654
0.7760869565217391,0.3923076923076923,0.7659443628588654
0.7765726681127982,0.3934065934065934,0.7659443628588654
0.7748917748917749,0.3934065934065934,0.7659443628588654
0.775377969762419,0.3945054945054945,0.7659443628588654
0.7737068965517241,0.3945054945054945,0.7659443628588654
0.7720430107526882,0.3945054945054945,0.7659443628588654
0.7725321888412017,0.3956043956043956,0.7659443628588654
0.7730192719486081,0.3967032967032967,0.7659443628588654
0.7735042735042735,0.3978021978021978,0.7659443628588654
0.7718550106609808,0.3978021978021978,0.7659443628588654
0.7723404255319148,0.3989010989010989,0.7659443628588654
0.772823779193206,0.4,0.7659443628588654
0.7733050847457628,0.4010989010989011,0.7659443628588654
0.773784355179704,0.4021978021978022,0.7659443628588654
0.7721518987341772,0.4021978021978022,0.7659443628588654
0.7726315789473684,0.4032967032967033,0.7659443628588654
0.773109243697479,0.4043956043956044,0.7659443628588654
0.7735849056603774,0.4054945054945055,0.7659443628588654
0.7740585774058577,0.4065934065934066,0.7659443628588654
0.7745302713987474,0.4076923076923077,0.7659443628588654
0.7729166666666667,0.4076923076923077,0.7659443628588654
0.7733887733887734,0.4087912087912088,0.7659443628588654
0.7738589211618258,0.4098901098901099,0.7659443628588654
0.7743271221532091,0.41098901098901097,0.7659443628588654
0.7747933884297521,0.41208791208791207,0.7659443628588654
0.7752577319587629,0.41318681318681316,0.7659443628588654
0.7736625514403292,0.41318681318681316,0.7659443628588654
0.7720739219712526,0.41318681318681316,0.7659443628588654
0.7704918032786885,0.41318681318681316,0.7659443628588654
0.7709611451942741,0.4142857142857143,0.7659443628588654
0.7714285714285715,0.4153846153846154,0.7659443628588654
0.7718940936863544,0.4164835164835165,0.7659443628588654
0.7723577235772358,0.4175824175824176,0.7659443628588654
0.77079107505071,0.4175824175824176,0.7659443628588654
0.7692307692307693,0.4175824175824176,0.7659443628588654
0.7676767676767676,0.4175824175824176,0.7659443628588654
0.7661290322580645,0.4175824175824176,0.7659443628588654
0.7645875251509054,0.4175824175824176,0.7659443628588654
0.7650602409638554,0.4186813186813187,0.7659443628588654
0.7655310621242485,0.4197802197802198,0.7659443628588654
0.766,0.4208791208791209,0.7659443628588654
0.7664670658682635,0.421978021978022,0.7659443628588654
0.7669322709163346,0.4230769230769231,0.7659443628588654
0.7654075546719682,0.4230769230769231,0.7659443628588654
0.7658730158730159,0.42417582417582417,0.7659443628588654
0.7643564356435644,0.42417582417582417,0.7659443628588654
0.7628458498023716,0.42417582417582417,0.7659443628588654
0.7633136094674556,0.42527472527472526,0.7659443628588654
0.7637795275590551,0.42637362637362636,0.7659443628588654
0.7642436149312377,0.42747252747252745,0.7659443628588654
0.7647058823529411,0.42857142857142855,0.7659443628588654
0.7651663405088063,0.42967032967032964,0.7659443628588654
0.765625,0.4307692307692308,0.7659443628588654
0.7641325536062378,0.4307692307692308,0.7659443628588654
0.7645914396887159,0.4318681318681319,0.7659443628588654
0.7631067961165049,0.4318681318681319,0.7659443628588654
0.7635658914728682,0.432967032967033,0.7659443628588654
0.7640232108317214,0.4340659340659341,0.7659443628588654
0.7625482625482626,0.4340659340659341,0.7659443628588654
0.7630057803468208,0.4351648351648352,0.7659443628588654
0.7634615384615384,0.43626373626373627,0.7659443628588654
0.763915547024952,0.43736263736263736,0.7659443628588654
0.764367816091954,0.43846153846153846,0.7659443628588654
0.7648183556405354,0.43956043956043955,0.7659443628588654
0.7652671755725191,0.44065934065934065,0.7659443628588654
0.7638095238095238,0.44065934065934065,0.7659443628588654
0.7642585551330798,0.44175824175824174,0.7659443628588654
0.7628083491461101,0.44175824175824174,0.7659443628588654
0.7632575757575758,0.44285714285714284,0.7659443628588654
0.7637051039697542,0.44395604395604393,0.7659443628588654
0.7641509433962265,0.44505494505494503,0.7659443628588654
0.7645951035781544,0.4461538461538462,0.7659443628588654
0.7650375939849624,0.4472527472527473,0.7659443628588654
0.7654784240150094,0.44835164835164837,0.7659443628588654
0.7659176029962547,0.44945054945054946,0.7659443628588654
0.7663551401869159,0.45054945054945056,0.7659443628588654
0.7667910447761194,0.45164835164835165,0.7659443628588654
0.7672253258845437,0.45274725274725275,0.7659443628588654
0.7676579925650557,0.45384615384615384,0.7659443628588654
0.7680890538033395,0.45494505494505494,0.7659443628588654
0.7666666666666667,0.45494505494505494,0.7659443628588654
0.767097966728281,0.45604395604395603,0.7659443628588654
0.7675276752767528,0.45714285714285713,0.7659443628588654
0.7679558011049724,0.4582417582417582,0.7659443628588654
0.7683823529411765,0.4593406593406593,0.7659443628588654
0.7669724770642202,0.4593406593406593,0.7659443628588654
0.7673992673992674,0.4604395604395604,0.7659443628588654
0.7659963436928702,0.4604395604395604,0.7659443628588654
0.7664233576642335,0.46153846153846156,0.7659443628588654
0.7668488160291439,0.46263736263736266,0.7659443628588654
0.7672727272727272,0.46373626373626375,0.7659443628588654
0.7676950998185118,0.46483516483516485,0.7659443628588654
0.7681159420289855,0.46593406593406594,0.7659443628588654
0.7685352622061483,0.46703296703296704,0.7659443628588654
0.7671480144404332,0.46703296703296704,0.7659443628588654
0.7675675675675676,0.46813186813186813,0.7659443628588654
0.7679856115107914,0.46923076923076923,0.7659443628588654
0.7684021543985637,0.4703296703296703,0.7659443628588654
0.7688172043010753,0.4714285714285714,0.7659443628588654
0.7692307692307693,0.4725274725274725,0.7659443628588654
0.7696428571428572,0.4736263736263736,0.7659443628588654
0.7700534759358288,0.4747252747252747,0.7659443628588654
0.7686832740213523,0.4747252747252747,0.7659443628588654
0.7690941385435168,0.4758241758241758,0.7659443628588654
0.7695035460992907,0.47692307692307695,0.7659443628588654
0.7699115044247787,0.47802197802197804,0.7659443628588654
0.7703180212014135,0.47912087912087914,0.7659443628588654
0.7707231040564374,0.48021978021978023,0.7659443628588654
0.7711267605633803,0.48131868131868133,0.7659443628588654
0.7715289982425307,0.4824175824175824,0.7659443628588654
0.7719298245614035,0.4835164835164835,0.7659443628588654
0.7723292469352014,0.4846153846153846,0.7659443628588654
0.7727272727272727,0.4857142857142857,0.7659443628588654
0.7731239092495636,0.4868131868131868,0.7659443628588654
0.7735191637630662,0.4879120879120879,0.7659443628588654
0.7739130434782608,0.489010989010989,0.7659443628588654
0.7743055555555556,0.4901098901098901,0.7659443628588654
0.7746967071057193,0.4912087912087912,0.7659443628588654
0.773356401384083,0.4912087912087912,0.7659443628588654
0.7737478411053541,0.49230769230769234,0.7659443628588654
0.7741379310344828,0.49340659340659343,0.7659443628588654
0.774526678141136,0.4945054945054945,0.7659443628588654
0.7749140893470791,0.4956043956043956,0.7659443628588654
0.7753001715265866,0.4967032967032967,0.7659443628588654
0.773972602739726,0.4967032967032967,0.7659443628588654
0.7743589743589744,0.4978021978021978,0.7659443628588654
0.7747440273037542,0.4989010989010989,0.7659443628588654
0.7751277683134583,0.5,0.7659443628588654
0.7738095238095238,0.5,0.7659443628588654
0.7741935483870968,0.5010989010989011,0.7659443628588654
0.7745762711864407,0.5021978021978022,0.7659443628588654
0.7749576988155669,0.5032967032967033,0.7659443628588654
0.7736486486486487,0.5032967032967033,0.7659443628588654
0.7740303541315345,0.5043956043956044,0.7659443628588654
0.7744107744107744,0.5054945054945055,0.7659443628588654
0.7747899159663866,0.5065934065934066,0.7659443628588654
0.7734899328859061,0.5065934065934066,0.7659443628588654
0.7738693467336684,0.5076923076923077,0.7659443628588654
0.774247491638796,0.5087912087912088,0.7659443628588654
0.7746243739565943,0.5098901098901099,0.7659443628588654
0.775,0.510989010989011,0.7659443628588654
0.7737104825291181,0.510989010989011,0.7659443628588654
0.7740863787375415,0.512087912087912,0.7659443628588654
0.7744610281923715,0.5131868131868131,0.7659443628588654
0.7748344370860927,0.5142857142857142,0.7659443628588654
0.775206611570248,0.5153846153846153,0.7659443628588654
0.7755775577557755,0.5164835164835165,0.7659443628588654
0.7759472817133443,0.5175824175824176,0.7659443628588654
0.7763157894736842,0.5186813186813187,0.7659443628588654
0.7766830870279147,0.5197802197802198,0.7659443628588654
0.7770491803278688,0.5208791208791209,0.7659443628588654
0.7774140752864157,0.521978021978022,0.7659443628588654
0.7777777777777778,0.5230769230769231,0.7659443628588654
0.7781402936378466,0.5241758241758242,0.7659443628588654
0.7785016286644951,0.5252747252747253,0.7659443628588654
0.7788617886178861,0.5263736263736264,0.7659443628588654
0.7775974025974026,0.5263736263736264,0.7659443628588654
0.7763371150729336,0.5263736263736264,0.7659443628588654
0.7766990291262136,0.5274725274725275,0.7659443628588654
0.777059773828756,0.5285714285714286,0.7659443628588654
0.7774193548387097,0.5296703296703297,0.7659443628588654
0.7777777777777778,0.5307692307692308,0.7659443628588654
0.7781350482315113,0.5318681318681319,0.7659443628588654
0.7784911717495987,0.532967032967033,0.7659443628588654
0.7788461538461539,0.5340659340659341,0.7659443628588654
0.7776,0.5340659340659341,0.7659443628588654
0.7779552715654952,0.5351648351648352,0.7659443628588654
0.7783094098883573,0.5362637362637362,0.7659443628588654
0.7770700636942676,0.5362637362637362,0.7659443628588654
0.7774244833068362,0.5373626373626373,0.7659443628588654
0.7761904761904762,0.5373626373626373,0.7659443628588654
0.7749603803486529,0.5373626373626373,0.7659443628588654
0.7737341772151899,0.5373626373626373,0.7659443628588654
0.7740916271721959,0.5384615384615384,0.7659443628588654
0.7744479495268138,0.5395604395604395,0.7659443628588654
0.7748031496062993,0.5406593406593406,0.7659443628588654
0.7735849056603774,0.5406593406593406,0.7659443628588654
0.7723704866562009,0.5406593406593406,0.7659443628588654
0.7711598746081505,0.5406593406593406,0.7659443628588654
0.7699530516431925,0.5406593406593406,0.7659443628588654
0.7703125,0.5417582417582417,0.7659443628588654
0.7706708268330733,0.5428571428571428,0.7659443628588654
0.7710280373831776,0.5439560439560439,0.7659443628588654
0.7713841368584758,0.545054945054945,0.7659443628588654
0.7717391304347826,0.5461538461538461,0.7659443628588654
0.7705426356589147,0.5461538461538461,0.7659443628588654
0.7708978328173375,0.5472527472527473,0.7659443628588654
0.7712519319938176,0.5483516483516484,0.7659443628588654
0.7700617283950617,0.5483516483516484,0.7659443628588654
0.7688751926040062,0.5483516483516484,0.7659443628588654
0.7692307692307693,0.5494505494505495,0.7659443628588654
0.7695852534562212,0.5505494505494506,0.7659443628588654
0.7699386503067485,0.5516483516483517,0.7659443628588654
0.7702909647779479,0.5527472527472528,0.7659443628588654
0.7691131498470948,0.5527472527472528,0.7659443628588654
0.7694656488549618,0.5538461538461539,0.7659443628588654
0.7682926829268293,0.5538461538461539,0.7659443628588654
0.7686453576864536,0.554945054945055,0.7659443628588654
0.7674772036474165,0.554945054945055,0.7659443628588654
0.7678300455235205,0.5560439560439561,0.7659443628588654
0.7666666666666667,0.5560439560439561,0.7659443628588654
0.7670196671709532,0.5571428571428572,0.7659443628588654
0.7673716012084593,0.5582417582417583,0.7659443628588654
0.7677224736048266,0.5593406593406594,0.7659443628588654
0.7680722891566265,0.5604395604395604,0.7659443628588654
0.7684210526315789,0.5615384615384615,0.7659443628588654
0.7687687687687688,0.5626373626373626,0.7659443628588654
0.7691154422788605,0.5637362637362637,0.7659443628588654
0.7694610778443114,0.5648351648351648,0.7659443628588654
0.7698056801195815,0.5659340659340659,0.7659443628588654
0.7701492537313432,0.567032967032967,0.7659443628588654
0.7704918032786885,0.5681318681318681,0.7659443628588654
0.7708333333333334,0.5692307692307692,0.7659443628588654
0.7711738484398217,0.5703296703296703,0.7659443628588654
0.771513353115727,0.5714285714285714,0.7659443628588654
0.7718518518518519,0.5725274725274725,0.7659443628588654
0.772189349112426,0.5736263736263736,0.7659443628588654
0.7725258493353028,0.5747252747252747,0.7659443628588654
0.7728613569321534,0.5758241758241758,0.7659443628588654
0.7717231222385862,0.5758241758241758,0.7659443628588654
0.7705882352941177,0.5758241758241758,0.7659443628588654
0.7694566813509545,0.5758241758241758,0.7659443628588654
0.7683284457478006,0.5758241758241758,0.7659443628588654
0.7686676427525623,0.5769230769230769,0.7659443628588654
0.7690058479532164,0.578021978021978,0.7659443628588654
0.7678832116788321,0.578021978021978,0.7659443628588654
0.7667638483965015,0.578021978021978,0.7659443628588654
0.7656477438136827,0.578021978021978,0.7659443628588654
0.7645348837209303,0.578021978021978,0.7659443628588654
0.7634252539912917,0.578021978021978,0.7659443628588654
0.7623188405797101,0.578021978021978,0.7659443628588654
0.7612156295224313,0.578021978021978,0.7659443628588654
0.7615606936416185,0.5791208791208792,0.7659443628588654
0.7619047619047619,0.5802197802197803,0.7659443628588654
0.7622478386167147,0.5813186813186814,0.7659443628588654
0.762589928057554,0.5824175824175825,0.7659443628588654
0.7629310344827587,0.5835164835164836,0.7659443628588654
0.7618364418938307,0.5835164835164836,0.7659443628588654
0.7621776504297995,0.5846153846153846,0.7659443628588654
0.7625178826895566,0.5857142857142857,0.7659443628588654
0.7628571428571429,0.5868131868131868,0.7659443628588654
0.7631954350927247,0.5879120879120879,0.7659443628588654
0.7635327635327636,0.589010989010989,0.7659443628588654
0.7638691322901849,0.5901098901098901,0.7659443628588654
0.7642045454545454,0.5912087912087912,0.7659443628588654
0.7645390070921986,0.5923076923076923,0.7659443628588654
0.7648725212464589,0.5934065934065934,0.7659443628588654
0.7652050919377652,0.5945054945054945,0.7659443628588654
0.7641242937853108,0.5945054945054945,0.7659443628588654
0.763046544428773,0.5945054945054945,0.7659443628588654
0.7633802816901408,0.5956043956043956,0.7659443628588654
0.7637130801687764,0.5967032967032967,0.7659443628588654
0.7640449438202247,0.5978021978021978,0.7659443628588654
0.7643758765778401,0.5989010989010989,0.7659443628588654
0.7633053221288515,0.5989010989010989,0.7659443628588654
0.7636363636363637,0.6,0.7659443628588654
0.7639664804469274,0.6010989010989011,0.7659443628588654
0.7629009762900977,0.6010989010989011,0.7659443628588654
0.7618384401114207,0.6010989010989011,0.7659443628588654
0.760778859527121,0.6010989010989011,0.7659443628588654
0.7611111111111111,0.6021978021978022,0.7659443628588654
0.7614424410540915,0.6032967032967033,0.7659443628588654
0.7617728531855956,0.6043956043956044,0.7659443628588654
0.7621023513139695,0.6054945054945055,0.7659443628588654
0.7624309392265194,0.6065934065934065,0.7659443628588654
0.7627586206896552,0.6076923076923076,0.7659443628588654
0.7630853994490359,0.6087912087912087,0.7659443628588654
0.7620357634112792,0.6087912087912087,0.7659443628588654
0.760989010989011,0.6087912087912087,0.7659443628588654
0.7613168724279835,0.6098901098901099,0.7659443628588654
0.7602739726027398,0.6098901098901099,0.7659443628588654
0.7606019151846786,0.610989010989011,0.7659443628588654
0.7609289617486339,0.6120879120879121,0.7659443628588654
0.7612551159618008,0.6131868131868132,0.7659443628588654
0.7615803814713896,0.6142857142857143,0.7659443628588654
0.7619047619047619,0.6153846153846154,0.7659443628588654
0.7608695652173914,0.6153846153846154,0.7659443628588654
0.7598371777476255,0.6153846153846154,0.7659443628588654
0.7601626016260162,0.6164835164835165,0.7659443628588654
0.7604871447902571,0.6175824175824176,0.7659443628588654
0.7608108108108108,0.6186813186813187,0.7659443628588654
0.7611336032388664,0.6197802197802198,0.7659443628588654
0.7601078167115903,0.6197802197802198,0.7659443628588654
0.7604306864064603,0.6208791208791209,0.7659443628588654
0.760752688172043,0.621978021978022,0.7659443628588654
0.7610738255033557,0.6230769230769231,0.7659443628588654
0.760053619302949,0.6230769230769231,0.7659443628588654
0.7603748326639893,0.6241758241758242,0.7659443628588654
0.7593582887700535,0.6241758241758242,0.7659443628588654
0.7596795727636849,0.6252747252747253,0.7659443628588654
0.76,0.6263736263736264,0.7659443628588654
0.7603195739014648,0.6274725274725275,0.7659443628588654
0.7606382978723404,0.6285714285714286,0.7659443628588654
0.7609561752988048,0.6296703296703297,0.7659443628588654
0.7612732095490716,0.6307692307692307,0.7659443628588654
0.7615894039735099,0.6318681318681318,0.7659443628588654
0.7605820105820106,0.6318681318681318,0.7659443628588654
0.760898282694848,0.6329670329670329,0.7659443628588654
0.7598944591029023,0.6329670329670329,0.7659443628588654
0.7602108036890646,0.634065934065934,0.7659443628588654
0.7605263157894737,0.6351648351648351,0.7659443628588654
0.7608409986859396,0.6362637362637362,0.7659443628588654
0.7611548556430446,0.6373626373626373,0.7659443628588654
0.7601572739187418,0.6373626373626373,0.7659443628588654
0.7604712041884817,0.6384615384615384,0.7659443628588654
0.7607843137254902,0.6395604395604395,0.7659443628588654
0.7610966057441253,0.6406593406593407,0.7659443628588654
0.7614080834419817,0.6417582417582418,0.7659443628588654
0.76171875,0.6428571428571429,0.7659443628588654
0.7620286085825748,0.643956043956044,0.7659443628588654
0.7623376623376623,0.6450549450549451,0.7659443628588654
0.7626459143968871,0.6461538461538462,0.7659443628588654
0.7616580310880829,0.6461538461538462,0.7659443628588654
0.7619663648124192,0.6472527472527473,0.7659443628588654
0.7622739018087855,0.6483516483516484,0.7659443628588654
0.7625806451612903,0.6494505494505495,0.7659443628588654
0.7615979381443299,0.6494505494505495,0.7659443628588654
0.7619047619047619,0.6505494505494506,0.7659443628588654
0.7622107969151671,0.6516483516483517,0.7659443628588654
0.7625160462130937,0.6527472527472528,0.7659443628588654
0.7628205128205128,0.6538461538461539,0.7659443628588654
0.7618437900128041,0.6538461538461539,0.7659443628588654
0.7621483375959079,0.654945054945055,0.7659443628588654
0.7624521072796935,0.656043956043956,0.7659443628588654
0.7614795918367347,0.656043956043956,0.7659443628588654
0.7605095541401274,0.656043956043956,0.7659443628588654
0.7608142493638677,0.6571428571428571,0.7659443628588654
0.761118170266836,0.6582417582417582,0.7659443628588654
0.7614213197969543,0.6593406593406593,0.7659443628588654
0.761723700887199,0.6604395604395604,0.7659443628588654
0.7620253164556962,0.6615384615384615,0.7659443628588654
0.7623261694058154,0.6626373626373626,0.7659443628588654
0.7613636363636364,0.6626373626373626,0.7659443628588654
0.7604035308953342,0.6626373626373626,0.7659443628588654
0.7594458438287154,0.6626373626373626,0.7659443628588654
0.759748427672956,0.6637362637362637,0.7659443628588654
0.7600502512562815,0.6648351648351648,0.7659443628588654
0.7603513174404015,0.6659340659340659,0.7659443628588654
0.7593984962406015,0.6659340659340659,0.7659443628588654
0.7596996245306633,0.667032967032967,0.7659443628588654
0.76,0.6681318681318681,0.7659443628588654
0.7602996254681648,0.6692307692307692,0.7659443628588654
0.7605985037406484,0.6703296703296703,0.7659443628588654
0.7608966376089664,0.6714285714285714,0.7659443628588654
0.7611940298507462,0.6725274725274726,0.7659443628588654
0.7614906832298136,0.6736263736263737,0.7659443628588654
0.7617866004962779,0.6747252747252748,0.7659443628588654
0.7608426270136307,0.6747252747252748,0.7659443628588654
0.7611386138613861,0.6758241758241759,0.7659443628588654
0.7601977750309024,0.6758241758241759,0.7659443628588654
0.7592592592592593,0.6758241758241759,0.7659443628588654
0.7583230579531443,0.6758241758241759,0.7659443628588654
0.7586206896551724,0.676923076923077,0.7659443628588654
0.7589175891758918,0.6780219780219781,0.7659443628588654
0.757985257985258,0.6780219780219781,0.7659443628588654
0.758282208588957,0.6791208791208792,0.7659443628588654
0.758578431372549,0.6802197802197802,0.7659443628588654
0.7576499388004896,0.6802197802197802,0.7659443628588654
0.7579462102689487,0.6813186813186813,0.7659443628588654
0.7582417582417582,0.6824175824175824,0.7659443628588654
0.7585365853658537,0.6835164835164835,0.7659443628588654
0.758830694275274,0.6846153846153846,0.7659443628588654
0.7591240875912408,0.6857142857142857,0.7659443628588654
0.7594167679222357,0.6868131868131868,0.7659443628588654
0.7597087378640777,0.6879120879120879,0.7659443628588654
0.76,0.689010989010989,0.7659443628588654
0.7602905569007264,0.6901098901098901,0.7659443628588654
0.7593712212817413,0.6901098901098901,0.7659443628588654
0.7596618357487923,0.6912087912087912,0.7659443628588654
0.7599517490952955,0.6923076923076923,0.7659443628588654
0.7602409638554217,0.6934065934065934,0.7659443628588654
0.7605294825511432,0.6945054945054945,0.7659443628588654
0.7608173076923077,0.6956043956043956,0.7659443628588654
0.7611044417767107,0.6967032967032967,0.7659443628588654
0.7613908872901679,0.6978021978021978,0.7659443628588654
0.7604790419161677,0.6978021978021978,0.7659443628588654
0.7595693779904307,0.6978021978021978,0.7659443628588654
0.7598566308243727,0.6989010989010989,0.7659443628588654
0.7601431980906921,0.7,0.7659443628588654
0.7592371871275327,0.7,0.7659443628588654
0.7595238095238095,0.701098901098901,0.7659443628588654
0.7598097502972652,0.7021978021978021,0.7659443628588654
0.7600950118764845,0.7032967032967034,0.7659443628588654
0.7603795966785291,0.7043956043956044,0.7659443628588654
0.759478672985782,0.7043956043956044,0.7659443628588654
0.7597633136094675,0.7054945054945055,0.7659443628588654
0.7600472813238771,0.7065934065934066,0.7659443628588654
0.7603305785123967,0.7076923076923077,0.7659443628588654
0.7594339622641509,0.7076923076923077,0.7659443628588654
0.7585394581861012,0.7076923076923077,0.7659443628588654
0.7588235294117647,0.7087912087912088,0.7659443628588654
0.7591069330199764,0.7098901098901099,0.7659443628588654
0.7593896713615024,0.710989010989011,0.7659443628588654
0.7584994138335287,0.710989010989011,0.7659443628588654
0.7587822014051522,0.7120879120879121,0.7659443628588654
0.7590643274853801,0.7131868131868132,0.7659443628588654
0.7593457943925234,0.7142857142857143,0.7659443628588654
0.7584597432905484,0.7142857142857143,0.7659443628588654
0.7575757575757576,0.7142857142857143,0.7659443628588654
0.7578579743888242,0.7153846153846154,0.7659443628588654
0.7581395348837209,0.7164835164835165,0.7659443628588654
0.7584204413472706,0.7175824175824176,0.7659443628588654
0.7587006960556845,0.7186813186813187,0.7659443628588654
0.7589803012746235,0.7197802197802198,0.7659443628588654
0.7581018518518519,0.7197802197802198,0.7659443628588654
0.7583815028901734,0.7208791208791209,0.7659443628588654
0.7586605080831409,0.721978021978022,0.7659443628588654
0.7589388696655133,0.7230769230769231,0.7659443628588654
0.7592165898617511,0.7241758241758242,0.7659443628588654
0.759493670886076,0.7252747252747253,0.7659443628588654
0.7597701149425288,0.7263736263736263,0.7659443628588654
0.7600459242250287,0.7274725274725274,0.7659443628588654
0.7591743119266054,0.7274725274725274,0.7659443628588654
0.7594501718213058,0.7285714285714285,0.7659443628588654
0.7585812356979404,0.7285714285714285,0.7659443628588654
0.7588571428571429,0.7296703296703296,0.7659443628588654
0.7591324200913242,0.7307692307692307,0.7659443628588654
0.7594070695553021,0.7318681318681318,0.7659443628588654
0.7585421412300684,0.7318681318681318,0.7659443628588654
0.7588168373151308,0.7329670329670329,0.7659443628588654
0.759090909090909,0.734065934065934,0.7659443628588654
0.7593643586833144,0.7351648351648352,0.7659443628588654
0.7596371882086168,0.7362637362637363,0.7659443628588654
0.7599093997734995,0.7373626373626374,0.7659443628588654
0.7601809954751131,0.7384615384615385,0.7659443628588654
0.7604519774011299,0.7395604395604396,0.7659443628588654
0.7607223476297968,0.7406593406593407,0.7659443628588654
0.7609921082299888,0.7417582417582418,0.7659443628588654
0.7601351351351351,0.7417582417582418,0.7659443628588654
0.7592800899887514,0.7417582417582418,0.7659443628588654
0.7584269662921348,0.7417582417582418,0.7659443628588654
0.7586980920314254,0.7428571428571429,0.7659443628588654
0.7589686098654709,0.743956043956044,0.7659443628588654
0.7592385218365062,0.7450549450549451,0.7659443628588654
0.7595078299776287,0.7461538461538462,0.7659443628588654
0.7597765363128491,0.7472527472527473,0.7659443628588654
0.7600446428571429,0.7483516483516484,0.7659443628588654
0.7603121516164995,0.7494505494505495,0.7659443628588654
0.7594654788418709,0.7494505494505495,0.7659443628588654
0.7597330367074527,0.7505494505494505,0.7659443628588654
0.76,0.7516483516483516,0.7659443628588654
0.7602663706992231,0.7527472527472527,0.7659443628588654
0.7605321507760532,0.7538461538461538,0.7659443628588654
0.760797342192691,0.7549450549450549,0.7659443628588654
0.7610619469026548,0.756043956043956,0.7659443628588654
0.7613259668508288,0.7571428571428571,0.7659443628588654
0.760485651214128,0.7571428571428571,0.7659443628588654
0.7596471885336273,0.7571428571428571,0.7659443628588654
0.7599118942731278,0.7582417582417582,0.7659443628588654
0.7601760176017601,0.7593406593406593,0.7659443628588654
0.7604395604395604,0.7604395604395604,0.7659443628588654
0.7607025246981339,0.7615384615384615,0.7659443628588654
0.7609649122807017,0.7626373626373626,0.7659443628588654
0.7612267250821467,0.7637362637362637,0.7659443628588654
0.7614879649890591,0.7648351648351648,0.7659443628588654
0.7617486338797814,0.765934065934066,0.7659443628588654
0.7620087336244541,0.7670329670329671,0.7659443628588654
0.7622682660850599,0.7681318681318682,0.7659443628588654
0.7625272331154684,0.7692307692307693,0.7659443628588654
0.7627856365614799,0.7703296703296704,0.7659443628588654
0.7630434782608696,0.7714285714285715,0.7659443628588654
0.762214983713355,0.7714285714285715,0.7659443628588654
0.7613882863340564,0.7714285714285715,0.7659443628588654
0.761646803900325,0.7725274725274726,0.7659443628588654
0.7619047619047619,0.7736263736263737,0.7659443628588654
0.7621621621621621,0.7747252747252747,0.7659443628588654
0.7624190064794817,0.7758241758241758,0.7659443628588654
0.7626752966558792,0.7769230769230769,0.7659443628588654
0.7629310344827587,0.778021978021978,0.7659443628588654
0.7631862217438106,0.7791208791208791,0.7659443628588654
0.7634408602150538,0.7802197802197802,0.7659443628588654
0.7626208378088077,0.7802197802197802,0.7659443628588654
0.7628755364806867,0.7813186813186813,0.7659443628588654
0.7631296891747053,0.7824175824175824,0.7659443628588654
0.7633832976445396,0.7835164835164835,0.7659443628588654
0.7636363636363637,0.7846153846153846,0.7659443628588654
0.7628205128205128,0.7846153846153846,0.7659443628588654
0.7630736392742796,0.7857142857142857,0.7659443628588654
0.7633262260127932,0.7868131868131868,0.7659443628588654
0.7635782747603834,0.7879120879120879,0.7659443628588654
0.7638297872340426,0.789010989010989,0.7659443628588654
0.7640807651434643,0.7901098901098901,0.7659443628588654
0.7643312101910829,0.7912087912087912,0.7659443628588654
0.7635206786850477,0.7912087912087912,0.7659443628588654
0.763771186440678,0.7923076923076923,0.7659443628588654
0.764021164021164,0.7934065934065934,0.7659443628588654
0.7642706131078224,0.7945054945054945,0.7659443628588654
0.764519535374868,0.7956043956043956,0.7659443628588654
0.7647679324894515,0.7967032967032966,0.7659443628588654
0.7650158061116965,0.7978021978021979,0.7659443628588654
0.7652631578947369,0.798901098901099,0.7659443628588654
0.7655099894847529,0.8,0.7659443628588654
0.7647058823529411,0.8,0.7659443628588654
0.7639034627492131,0.8,0.7659443628588654
0.7631027253668763,0.8,0.7659443628588654
0.7633507853403141,0.8010989010989011,0.7659443628588654
0.7635983263598326,0.8021978021978022,0.7659443628588654
0.7628004179728317,0.8021978021978022,0.7659443628588654
0.7630480167014614,0.8032967032967033,0.7659443628588654
0.762252346193952,0.8032967032967033,0.7659443628588654
0.7625,0.8043956043956044,0.7659443628588654
0.7627471383975026,0.8054945054945055,0.7659443628588654
0.762993762993763,0.8065934065934066,0.7659443628588654
0.7622014537902388,0.8065934065934066,0.7659443628588654
0.7624481327800829,0.8076923076923077,0.7659443628588654
0.7616580310880829,0.8076923076923077,0.7659443628588654
0.7619047619047619,0.8087912087912088,0.7659443628588654
0.7621509824198552,0.8098901098901099,0.7659443628588654
0.7613636363636364,0.8098901098901099,0.7659443628588654
0.760577915376677,0.8098901098901099,0.7659443628588654
0.7608247422680412,0.810989010989011,0.7659443628588654
0.7600411946446962,0.810989010989011,0.7659443628588654
0.7602880658436214,0.8120879120879121,0.7659443628588654
0.7595066803699897,0.8120879120879121,0.7659443628588654
0.7597535934291582,0.8131868131868132,0.7659443628588654
0.7589743589743589,0.8131868131868132,0.7659443628588654
0.7592213114754098,0.8142857142857143,0.7659443628588654
0.759467758444217,0.8153846153846154,0.7659443628588654
0.7597137014314929,0.8164835164835165,0.7659443628588654
0.7589376915219612,0.8164835164835165,0.7659443628588654
0.7581632653061224,0.8164835164835165,0.7659443628588654
0.7584097859327217,0.8175824175824176,0.7659443628588654
0.7586558044806517,0.8186813186813187,0.7659443628588654
0.757884028484232,0.8186813186813187,0.7659443628588654
0.758130081300813,0.8197802197802198,0.7659443628588654
0.7583756345177665,0.8208791208791208,0.7659443628588654
0.7586206896551724,0.8219780219780219,0.7659443628588654
0.7588652482269503,0.823076923076923,0.7659443628588654
0.7591093117408907,0.8241758241758241,0.7659443628588654
0.7593528816986855,0.8252747252747252,0.7659443628588654
0.7585858585858586,0.8252747252747252,0.7659443628588654
0.7578203834510595,0.8252747252747252,0.7659443628588654
0.7580645161290323,0.8263736263736263,0.7659443628588654
0.7583081570996979,0.8274725274725274,0.7659443628588654
0.7585513078470825,0.8285714285714286,0.7659443628588654
0.7577889447236181,0.8285714285714286,0.7659443628588654
0.7580321285140562,0.8296703296703297,0.7659443628588654
0.7582748244734202,0.8307692307692308,0.7659443628588654
0.7575150300601202,0.8307692307692308,0.7659443628588654
0.7567567567567568,0.8307692307692308,0.7659443628588654
0.756,0.8307692307692308,0.7659443628588654
0.7562437562437563,0.8318681318681319,0.7659443628588654
0.7554890219560878,0.8318681318681319,0.7659443628588654
0.7557328015952144,0.832967032967033,0.7659443628588654
0.7549800796812749,0.832967032967033,0.7659443628588654
0.7542288557213931,0.832967032967033,0.7659443628588654
0.7544731610337972,0.8340659340659341,0.7659443628588654
0.7547169811320755,0.8351648351648352,0.7659443628588654
0.7549603174603174,0.8362637362637363,0.7659443628588654
0.7542120911793855,0.8362637362637363,0.7659443628588654
0.7534653465346535,0.8362637362637363,0.7659443628588654
0.7537091988130564,0.8373626373626374,0.7659443628588654
0.7529644268774703,0.8373626373626374,0.7659443628588654
0.7522211253701876,0.8373626373626374,0.7659443628588654
0.7514792899408284,0.8373626373626374,0.7659443628588654
0.7507389162561576,0.8373626373626374,0.7659443628588654
0.75,0.8373626373626374,0.7659443628588654
0.7492625368731564,0.8373626373626374,0.7659443628588654
0.7485265225933202,0.8373626373626374,0.7659443628588654
0.7477919528949951,0.8373626373626374,0.7659443628588654
0.7470588235294118,0.8373626373626374,0.7659443628588654
0.7463271302644466,0.8373626373626374,0.7659443628588654
0.7455968688845401,0.8373626373626374,0.7659443628588654
0.7448680351906158,0.8373626373626374,0.7659443628588654
0.744140625,0.8373626373626374,0.7659443628588654
0.7434146341463415,0.8373626373626374,0.7659443628588654
0.7436647173489279,0.8384615384615385,0.7659443628588654
0.7439143135345667,0.8395604395604396,0.7659443628588654
0.7441634241245136,0.8406593406593407,0.7659443628588654
0.7444120505344995,0.8417582417582418,0.7659443628588654
0.7436893203883496,0.8417582417582418,0.7659443628588654
0.7439379243452958,0.8428571428571429,0.7659443628588654
0.7432170542635659,0.8428571428571429,0.7659443628588654
0.7424975798644724,0.8428571428571429,0.7659443628588654
0.741779497098646,0.8428571428571429,0.7659443628588654
0.7420289855072464,0.843956043956044,0.7659443628588654
0.7422779922779923,0.845054945054945,0.7659443628588654
0.742526518804243,0.8461538461538461,0.7659443628588654
0.7418111753371869,0.8461538461538461,0.7659443628588654
0.7410972088546679,0.8461538461538461,0.7659443628588654
0.7403846153846154,0.8461538461538461,0.7659443628588654
0.7406340057636888,0.8472527472527472,0.7659443628588654
0.7399232245681382,0.8472527472527472,0.7659443628588654
0.7401725790987536,0.8483516483516483,0.7659443628588654
0.7404214559386973,0.8494505494505494,0.7659443628588654
0.7397129186602871,0.8494505494505494,0.7659443628588654
0.739961759082218,0.8505494505494505,0.7659443628588654
0.7392550143266475,0.8505494505494505,0.7659443628588654
0.7395038167938931,0.8516483516483516,0.7659443628588654
0.7397521448999047,0.8527472527472527,0.7659443628588654
0.7390476190476191,0.8527472527472527,0.7659443628588654
0.7383444338725024,0.8527472527472527,0.7659443628588654
0.7385931558935361,0.8538461538461538,0.7659443628588654
0.7388414055080722,0.8549450549450549,0.7659443628588654
0.7390891840607211,0.856043956043956,0.7659443628588654
0.738388625592417,0.856043956043956,0.7659443628588654
0.7376893939393939,0.856043956043956,0.7659443628588654
0.7379375591296121,0.8571428571428571,0.7659443628588654
0.7372400756143668,0.8571428571428571,0.7659443628588654
0.7365439093484419,0.8571428571428571,0.7659443628588654
0.7358490566037735,0.8571428571428571,0.7659443628588654
0.7351555136663525,0.8571428571428571,0.7659443628588654
0.7344632768361582,0.8571428571428571,0.7659443628588654
0.7337723424270931,0.8571428571428571,0.7659443628588654
0.7340225563909775,0.8582417582417582,0.7659443628588654
0.7342723004694836,0.8593406593406593,0.7659443628588654
0.7345215759849906,0.8604395604395605,0.7659443628588654
0.7338331771321462,0.8604395604395605,0.7659443628588654
0.7340823970037453,0.8615384615384616,0.7659443628588654
0.7333956969130028,0.8615384615384616,0.7659443628588654
0.7327102803738318,0.8615384615384616,0.7659443628588654
0.7329598506069094,0.8626373626373627,0.7659443628588654
0.7332089552238806,0.8637362637362638,0.7659443628588654
0.7325256290773532,0.8637362637362638,0.7659443628588654
0.7327746741154563,0.8648351648351649,0.7659443628588654
0.7330232558139534,0.865934065934066,0.7659443628588654
0.733271375464684,0.8670329670329671,0.7659443628588654
0.7325905292479109,0.8670329670329671,0.7659443628588654
0.7319109461966605,0.8670329670329671,0.7659443628588654
0.732159406858202,0.8681318681318682,0.7659443628588654
0.7314814814814815,0.8681318681318682,0.7659443628588654
0.7317298797409806,0.8692307692307693,0.7659443628588654
0.7310536044362292,0.8692307692307693,0.7659443628588654
0.7313019390581718,0.8703296703296703,0.7659443628588654
0.731549815498155,0.8714285714285714,0.7659443628588654
0.7308755760368664,0.8714285714285714,0.7659443628588654
0.7302025782688766,0.8714285714285714,0.7659443628588654
0.7304507819687213,0.8725274725274725,0.7659443628588654
0.7306985294117647,0.8736263736263736,0.7659443628588654
0.7309458218549127,0.8747252747252747,0.7659443628588654
0.7311926605504587,0.8758241758241758,0.7659443628588654
0.7305224564619615,0.8758241758241758,0.7659443628588654
0.7307692307692307,0.8769230769230769,0.7659443628588654
0.7301006404391582,0.8769230769230769,0.7659443628588654
0.7303473491773309,0.878021978021978,0.7659443628588654
0.7296803652968037,0.878021978021978,0.7659443628588654
0.7299270072992701,0.8791208791208791,0.7659443628588654
0.7301731996353692,0.8802197802197802,0.7659443628588654
0.7304189435336976,0.8813186813186813,0.7659443628588654
0.7306642402183804,0.8824175824175824,0.7659443628588654
0.73,0.8824175824175824,0.7659443628588654
0.7293369663941871,0.8824175824175824,0.7659443628588654
0.7295825771324864,0.8835164835164835,0.7659443628588654
0.728921124206709,0.8835164835164835,0.7659443628588654
0.7282608695652174,0.8835164835164835,0.7659443628588654
0.7276018099547511,0.8835164835164835,0.7659443628588654
0.7278481012658228,0.8846153846153846,0.7659443628588654
0.7271906052393857,0.8846153846153846,0.7659443628588654
0.7265342960288809,0.8846153846153846,0.7659443628588654
0.7267808836789901,0.8857142857142857,0.7659443628588654
0.727027027027027,0.8868131868131868,0.7659443628588654
0.7272727272727273,0.8879120879120879,0.7659443628588654
0.7275179856115108,0.889010989010989,0.7659443628588654
0.7268643306379156,0.889010989010989,0.7659443628588654
0.7262118491921006,0.889010989010989,0.7659443628588654
0.7255605381165919,0.889010989010989,0.7659443628588654
0.7258064516129032,0.8901098901098901,0.7659443628588654
0.7260519247985676,0.8912087912087913,0.7659443628588654
0.7262969588550984,0.8923076923076924,0.7659443628588654
0.7265415549597856,0.8934065934065935,0.7659443628588654
0.7258928571428571,0.8934065934065935,0.7659443628588654
0.7261373773416593,0.8945054945054945,0.7659443628588654
0.7263814616755794,0.8956043956043956,0.7659443628588654
0.7257346393588602,0.8956043956043956,0.7659443628588654
0.7250889679715302,0.8956043956043956,0.7659443628588654
0.7244444444444444,0.8956043956043956,0.7659443628588654
0.7238010657193605,0.8956043956043956,0.7659443628588654
0.7231588287488908,0.8956043956043956,0.7659443628588654
0.7225177304964538,0.8956043956043956,0.7659443628588654
0.7227635075287865,0.8967032967032967,0.7659443628588654
0.7230088495575221,0.8978021978021978,0.7659443628588654
0.7223695844385499,0.8978021978021978,0.7659443628588654
0.7217314487632509,0.8978021978021978,0.7659443628588654
0.7210944395410415,0.8978021978021978,0.7659443628588654
0.7213403880070547,0.8989010989010989,0.7659443628588654
0.7215859030837004,0.9,0.7659443628588654
0.721830985915493,0.9010989010989011,0.7659443628588654
0.7220756376429199,0.9021978021978022,0.7659443628588654
0.7214411247803163,0.9021978021978022,0.7659443628588654
0.7216856892010536,0.9032967032967033,0.7659443628588654
0.7210526315789474,0.9032967032967033,0.7659443628588654
0.7204206836108676,0.9032967032967033,0.7659443628588654
0.7206654991243433,0.9043956043956044,0.7659443628588654
0.7209098862642169,0.9054945054945055,0.7659443628588654
0.7211538461538461,0.9065934065934066,0.7659443628588654
0.7213973799126637,0.9076923076923077,0.7659443628588654
0.7216404886561955,0.9087912087912088,0.7659443628588654
0.7210113339145597,0.9087912087912088,0.7659443628588654
0.7212543554006968,0.9098901098901099,0.7659443628588654
0.720626631853786,0.9098901098901099,0.7659443628588654
0.7208695652173913,0.910989010989011,0.7659443628588654
0.7202432667245873,0.910989010989011,0.7659443628588654
0.7196180555555556,0.910989010989011,0.7659443628588654
0.7189939288811795,0.910989010989011,0.7659443628588654
0.7183708838821491,0.910989010989011,0.7659443628588654
0.7186147186147186,0.9120879120879121,0.7659443628588654
0.7188581314878892,0.9131868131868132,0.7659443628588654
0.7191011235955056,0.9142857142857143,0.7659443628588654
0.7184801381692574,0.9142857142857143,0.7659443628588654
0.7187230371009491,0.9153846153846154,0.7659443628588654
0.7189655172413794,0.9164835164835164,0.7659443628588654
0.7183462532299741,0.9164835164835164,0.7659443628588654
0.7185886402753873,0.9175824175824175,0.7659443628588654
0.7179707652622528,0.9175824175824175,0.7659443628588654
0.718213058419244,0.9186813186813186,0.7659443628588654
0.7184549356223175,0.9197802197802197,0.7659443628588654
0.7178387650085764,0.9197802197802197,0.7659443628588654
0.7180805484147387,0.9208791208791208,0.7659443628588654
0.7183219178082192,0.921978021978022,0.7659443628588654
0.7177074422583405,0.921978021978022,0.7659443628588654
0.7170940170940171,0.921978021978022,0.7659443628588654
0.7164816396242528,0.921978021978022,0.7659443628588654
0.7167235494880546,0.9230769230769231,0.7659443628588654
0.7161125319693095,0.9230769230769231,0.7659443628588654
0.7163543441226575,0.9241758241758242,0.7659443628588654
0.7157446808510638,0.9241758241758242,0.7659443628588654
0.7151360544217688,0.9241758241758242,0.7659443628588654
0.7153780798640612,0.9252747252747253,0.7659443628588654
0.7156196943972836,0.9263736263736264,0.7659443628588654
0.7150127226463104,0.9263736263736264,0.7659443628588654
0.7152542372881356,0.9274725274725275,0.7659443628588654
0.7146486028789162,0.9274725274725275,0.7659443628588654
0.7140439932318104,0.9274725274725275,0.7659443628588654
0.7134404057480981,0.9274725274725275,0.7659443628588654
0.7128378378378378,0.9274725274725275,0.7659443628588654
0.7122362869198312,0.9274725274725275,0.7659443628588654
0.7124789207419899,0.9285714285714286,0.7659443628588654
0.7118786857624263,0.9285714285714286,0.7659443628588654
0.7121212121212122,0.9296703296703297,0.7659443628588654
0.712363330529857,0.9307692307692308,0.7659443628588654
0.7126050420168067,0.9318681318681319,0.7659443628588654
0.7120067170445005,0.9318681318681319,0.7659443628588654
0.7114093959731543,0.9318681318681319,0.7659443628588654
0.71081307627829,0.9318681318681319,0.7659443628588654
0.7110552763819096,0.932967032967033,0.7659443628588654
0.7112970711297071,0.9340659340659341,0.7659443628588654
0.7115384615384616,0.9351648351648352,0.7659443628588654
0.7109440267335004,0.9351648351648352,0.7659443628588654
0.7111853088480802,0.9362637362637363,0.7659443628588654
0.7105921601334445,0.9362637362637363,0.7659443628588654
0.7108333333333333,0.9373626373626374,0.7659443628588654
0.7102414654454621,0.9373626373626374,0.7659443628588654
0.7104825291181365,0.9384615384615385,0.7659443628588654
0.7107231920199502,0.9395604395604396,0.7659443628588654
0.7101328903654485,0.9395604395604396,0.7659443628588654
0.7095435684647303,0.9395604395604396,0.7659443628588654
0.7097844112769486,0.9406593406593406,0.7659443628588654
0.7091963545981773,0.9406593406593406,0.7659443628588654
0.7086092715231788,0.9406593406593406,0.7659443628588654
0.7080231596360629,0.9406593406593406,0.7659443628588654
0.7082644628099174,0.9417582417582417,0.7659443628588654
0.708505367464905,0.9428571428571428,0.7659443628588654
0.7079207920792079,0.9428571428571428,0.7659443628588654
0.708161582852432,0.9439560439560439,0.7659443628588654
0.7084019769357496,0.945054945054945,0.7659443628588654
0.7078189300411523,0.945054945054945,0.7659443628588654
0.7080592105263158,0.9461538461538461,0.7659443628588654
0.7082990961380444,0.9472527472527472,0.7659443628588654
0.7085385878489326,0.9483516483516483,0.7659443628588654
0.7079573420836751,0.9483516483516483,0.7659443628588654
0.7081967213114754,0.9494505494505494,0.7659443628588654
0.7084357084357085,0.9505494505494505,0.7659443628588654
0.7086743044189853,0.9516483516483516,0.7659443628588654
0.7080948487326247,0.9516483516483516,0.7659443628588654
0.7075163398692811,0.9516483516483516,0.7659443628588654
0.7077551020408164,0.9527472527472527,0.7659443628588654
0.7071778140293637,0.9527472527472527,0.7659443628588654
0.706601466992665,0.9527472527472527,0.7659443628588654
0.7060260586319218,0.9527472527472527,0.7659443628588654
0.7054515866558178,0.9527472527472527,0.7659443628588654
0.7056910569105691,0.9538461538461539,0.7659443628588654
0.7051177904142973,0.9538461538461539,0.7659443628588654
0.7045454545454546,0.9538461538461539,0.7659443628588654
0.7047850770478508,0.954945054945055,0.7659443628588654
0.7042139384116693,0.954945054945055,0.7659443628588654
0.7044534412955465,0.9560439560439561,0.7659443628588654
0.7038834951456311,0.9560439560439561,0.7659443628588654
0.7033144704931286,0.9560439560439561,0.7659443628588654
0.7027463651050081,0.9560439560439561,0.7659443628588654
0.7021791767554479,0.9560439560439561,0.7659443628588654
0.7016129032258065,0.9560439560439561,0.7659443628588654
0.7010475423045931,0.9560439560439561,0.7659443628588654
0.7004830917874396,0.9560439560439561,0.7659443628588654
0.7007240547063556,0.9571428571428572,0.7659443628588654
0.7001607717041801,0.9571428571428572,0.7659443628588654
0.7004016064257028,0.9582417582417583,0.7659443628588654
0.6998394863563403,0.9582417582417583,0.7659443628588654
0.7000801924619086,0.9593406593406594,0.7659443628588654
0.6995192307692307,0.9593406593406594,0.7659443628588654
0.6989591673338671,0.9593406593406594,0.7659443628588654
0.6984,0.9593406593406594,0.7659443628588654
0.697841726618705,0.9593406593406594,0.7659443628588654
0.6980830670926518,0.9604395604395605,0.7659443628588654
0.6983240223463687,0.9615384615384616,0.7659443628588654
0.6977671451355661,0.9615384615384616,0.7659443628588654
0.69800796812749,0.9626373626373627,0.7659443628588654
0.697452229299363,0.9626373626373627,0.7659443628588654
0.6976929196499603,0.9637362637362638,0.7659443628588654
0.6971383147853736,0.9637362637362638,0.7659443628588654
0.6973788721207307,0.9648351648351648,0.7659443628588654
0.6976190476190476,0.9659340659340659,0.7659443628588654
0.697065820777161,0.9659340659340659,0.7659443628588654
0.6973058637083994,0.967032967032967,0.7659443628588654
0.6975455265241488,0.9681318681318681,0.7659443628588654
0.696993670886076,0.9681318681318681,0.7659443628588654
0.6972332015810276,0.9692307692307692,0.7659443628588654
0.6974723538704581,0.9703296703296703,0.7659443628588654
0.696921862667719,0.9703296703296703,0.7659443628588654
0.6971608832807571,0.9714285714285714,0.7659443628588654
0.6973995271867612,0.9725274725274725,0.7659443628588654
0.6976377952755906,0.9736263736263736,0.7659443628588654
0.6970889063729347,0.9736263736263736,0.7659443628588654
0.6965408805031447,0.9736263736263736,0.7659443628588654
0.6967792615868028,0.9747252747252747,0.7659443628588654
0.6970172684458399,0.9758241758241758,0.7659443628588654
0.6964705882352941,0.9758241758241758,0.7659443628588654
0.6959247648902821,0.9758241758241758,0.7659443628588654
0.6961628817541112,0.9769230769230769,0.7659443628588654
0.6956181533646323,0.9769230769230769,0.7659443628588654
0.6958561376075059,0.978021978021978,0.7659443628588654
0.6953125,0.978021978021978,0.7659443628588654
0.6955503512880562,0.9791208791208791,0.7659443628588654
0.6950078003120125,0.9791208791208791,0.7659443628588654
0.6952455183164459,0.9802197802197802,0.7659443628588654
0.6954828660436138,0.9813186813186813,0.7659443628588654
0.6957198443579766,0.9824175824175824,0.7659443628588654
0.6951788491446346,0.9824175824175824,0.7659443628588654
0.6946386946386947,0.9824175824175824,0.7659443628588654
0.6948757763975155,0.9835164835164835,0.7659443628588654
0.6951124903025602,0.9846153846153847,0.7659443628588654
0.6953488372093023,0.9857142857142858,0.7659443628588654
0.6948102246320682,0.9857142857142858,0.7659443628588654
0.6942724458204335,0.9857142857142858,0.7659443628588654
0.6937354988399071,0.9857142857142858,0.7659443628588654
0.6939721792890263,0.9868131868131869,0.7659443628588654
0.6934362934362934,0.9868131868131869,0.7659443628588654
0.6936728395061729,0.987912087912088,0.7659443628588654
0.6939090208172706,0.989010989010989,0.7659443628588654
0.6933744221879815,0.989010989010989,0.7659443628588654
0.6936104695919938,0.9901098901098901,0.7659443628588654
0.693076923076923,0.9901098901098901,0.7659443628588654
0.6933128362797848,0.9912087912087912,0.7659443628588654
0.6927803379416283,0.9912087912087912,0.7659443628588654
0.6930161166538756,0.9923076923076923,0.7659443628588654
0.6932515337423313,0.9934065934065934,0.7659443628588654
0.69272030651341,0.9934065934065934,0.7659443628588654
0.6921898928024502,0.9934065934065934,0.7659443628588654
0.6916602907421576,0.9934065934065934,0.7659443628588654
0.691131498470948,0.9934065934065934,0.7659443628588654
0.6906035141329259,0.9934065934065934,0.7659443628588654
0.6900763358778625,0.9934065934065934,0.7659443628588654
0.6895499618611747,0.9934065934065934,0.7659443628588654
0.6890243902439024,0.9934065934065934,0.7659443628588654
0.6892612338156893,0.9945054945054945,0.7659443628588654
0.6887366818873668,0.9945054945054945,0.7659443628588654
0.688212927756654,0.9945054945054945,0.7659443628588654
0.6876899696048632,0.9945054945054945,0.7659443628588654
0.6879271070615034,0.9956043956043956,0.7659443628588654
0.6881638846737481,0.9967032967032967,0.7659443628588654
0.6884003032600455,0.9978021978021978,0.7659443628588654
0.6878787878787879,0.9978021978021978,0.7659443628588654
0.6873580620741863,0.9978021978021978,0.7659443628588654
0.6875945537065052,0.9989010989010989,0.7659443628588654
0.6870748299319728,0.9989010989010989,0.7659443628588654
0.6865558912386707,0.9989010989010989,0.7659443628588654
0.6860377358490566,0.9989010989010989,0.7659443628588654
0.6862745098039216,1.0,0.7659443628588654
0.6857573474001507,1.0,0.7659443628588654
0.6852409638554217,1.0,0.7659443628588654
