fp,tp,auc_roc
0.0,0.0022935779816513763,0.6659501378203809
0.0,0.0045871559633027525,0.6659501378203809
0.0,0.006880733944954129,0.6659501378203809
0.0011210762331838565,0.006880733944954129,0.6659501378203809
0.002242152466367713,0.006880733944954129,0.6659501378203809
0.0033632286995515697,0.006880733944954129,0.6659501378203809
0.0033632286995515697,0.009174311926605505,0.6659501378203809
0.0033632286995515697,0.011467889908256881,0.6659501378203809
0.004484304932735426,0.011467889908256881,0.6659501378203809
0.004484304932735426,0.013761467889908258,0.6659501378203809
0.005605381165919282,0.013761467889908258,0.6659501378203809
0.005605381165919282,0.016055045871559634,0.6659501378203809
0.005605381165919282,0.01834862385321101,0.6659501378203809
0.005605381165919282,0.020642201834862386,0.6659501378203809
0.005605381165919282,0.022935779816513763,0.6659501378203809
0.005605381165919282,0.02522935779816514,0.6659501378203809
0.005605381165919282,0.027522935779816515,0.6659501378203809
0.005605381165919282,0.02981651376146789,0.6659501378203809
0.005605381165919282,0.03211009174311927,0.6659501378203809
0.006726457399103139,0.03211009174311927,0.6659501378203809
0.006726457399103139,0.034403669724770644,0.6659501378203809
0.006726457399103139,0.03669724770642202,0.6659501378203809
0.007847533632286996,0.03669724770642202,0.6659501378203809
0.008968609865470852,0.03669724770642202,0.6659501378203809
0.008968609865470852,0.0389908256880734,0.6659501378203809
0.010089686098654708,0.0389908256880734,0.6659501378203809
0.010089686098654708,0.04128440366972477,0.6659501378203809
0.010089686098654708,0.04357798165137615,0.6659501378203809
0.010089686098654708,0.045871559633027525,0.6659501378203809
0.010089686098654708,0.0481651376146789,0.6659501378203809
0.011210762331838564,0.0481651376146789,0.6659501378203809
0.01233183856502242,0.0481651376146789,0.6659501378203809
0.01233183856502242,0.05045871559633028,0.6659501378203809
0.01233183856502242,0.052752293577981654,0.6659501378203809
0.013452914798206279,0.052752293577981654,0.6659501378203809
0.014573991031390135,0.052752293577981654,0.6659501378203809
0.014573991031390135,0.05504587155963303,0.6659501378203809
0.014573991031390135,0.05733944954128441,0.6659501378203809
0.014573991031390135,0.05963302752293578,0.6659501378203809
0.014573991031390135,0.06192660550458716,0.6659501378203809
0.01569506726457399,0.06192660550458716,0.6659501378203809
0.01569506726457399,0.06422018348623854,0.6659501378203809
0.01569506726457399,0.06651376146788991,0.6659501378203809
0.01569506726457399,0.06880733944954129,0.6659501378203809
0.01569506726457399,0.07110091743119266,0.6659501378203809
0.01569506726457399,0.07339449541284404,0.6659501378203809
0.01569506726457399,0.07568807339449542,0.6659501378203809
0.01569506726457399,0.0779816513761468,0.6659501378203809
0.01569506726457399,0.08027522935779817,0.6659501378203809
0.016816143497757848,0.08027522935779817,0.6659501378203809
0.016816143497757848,0.08256880733944955,0.6659501378203809
0.017937219730941704,0.08256880733944955,0.6659501378203809
0.017937219730941704,0.08486238532110092,0.6659501378203809
0.017937219730941704,0.0871559633027523,0.6659501378203809
0.017937219730941704,0.08944954128440367,0.6659501378203809
0.017937219730941704,0.09174311926605505,0.6659501378203809
0.017937219730941704,0.09403669724770643,0.6659501378203809
0.017937219730941704,0.0963302752293578,0.6659501378203809
0.017937219730941704,0.09862385321100918,0.6659501378203809
0.017937219730941704,0.10091743119266056,0.6659501378203809
0.017937219730941704,0.10321100917431193,0.6659501378203809
0.017937219730941704,0.10550458715596331,0.6659501378203809
0.017937219730941704,0.10779816513761468,0.6659501378203809
0.017937219730941704,0.11009174311926606,0.6659501378203809
0.017937219730941704,0.11238532110091744,0.6659501378203809
0.01905829596412556,0.11238532110091744,0.6659501378203809
0.020179372197309416,0.11238532110091744,0.6659501378203809
0.021300448430493273,0.11238532110091744,0.6659501378203809
0.02242152466367713,0.11238532110091744,0.6659501378203809
0.02242152466367713,0.11467889908256881,0.6659501378203809
0.02242152466367713,0.11697247706422019,0.6659501378203809
0.023542600896860985,0.11697247706422019,0.6659501378203809
0.02466367713004484,0.11697247706422019,0.6659501378203809
0.0257847533632287,0.11697247706422019,0.6659501378203809
0.026905829596412557,0.11697247706422019,0.6659501378203809
0.028026905829596414,0.11697247706422019,0.6659501378203809
0.028026905829596414,0.11926605504587157,0.6659501378203809
0.028026905829596414,0.12155963302752294,0.6659501378203809
0.028026905829596414,0.12385321100917432,0.6659501378203809
0.02914798206278027,0.12385321100917432,0.6659501378203809
0.030269058295964126,0.12385321100917432,0.6659501378203809
0.03139013452914798,0.12385321100917432,0.6659501378203809
0.03139013452914798,0.12614678899082568,0.6659501378203809
0.03139013452914798,0.12844036697247707,0.6659501378203809
0.032511210762331835,0.12844036697247707,0.6659501378203809
0.032511210762331835,0.13073394495412843,0.6659501378203809
0.033632286995515695,0.13073394495412843,0.6659501378203809
0.033632286995515695,0.13302752293577982,0.6659501378203809
0.033632286995515695,0.1353211009174312,0.6659501378203809
0.033632286995515695,0.13761467889908258,0.6659501378203809
0.033632286995515695,0.13990825688073394,0.6659501378203809
0.033632286995515695,0.14220183486238533,0.6659501378203809
0.033632286995515695,0.1444954128440367,0.6659501378203809
0.033632286995515695,0.14678899082568808,0.6659501378203809
0.033632286995515695,0.14908256880733944,0.6659501378203809
0.033632286995515695,0.15137614678899083,0.6659501378203809
0.033632286995515695,0.1536697247706422,0.6659501378203809
0.034753363228699555,0.1536697247706422,0.6659501378203809
0.03587443946188341,0.1536697247706422,0.6659501378203809
0.03587443946188341,0.1559633027522936,0.6659501378203809
0.03699551569506727,0.1559633027522936,0.6659501378203809
0.03699551569506727,0.15825688073394495,0.6659501378203809
0.03811659192825112,0.15825688073394495,0.6659501378203809
0.03811659192825112,0.16055045871559634,0.6659501378203809
0.03923766816143498,0.16055045871559634,0.6659501378203809
0.03923766816143498,0.1628440366972477,0.6659501378203809
0.04035874439461883,0.1628440366972477,0.6659501378203809
0.04147982062780269,0.1628440366972477,0.6659501378203809
0.042600896860986545,0.1628440366972477,0.6659501378203809
0.042600896860986545,0.1651376146788991,0.6659501378203809
0.043721973094170405,0.1651376146788991,0.6659501378203809
0.04484304932735426,0.1651376146788991,0.6659501378203809
0.04596412556053812,0.1651376146788991,0.6659501378203809
0.04708520179372197,0.1651376146788991,0.6659501378203809
0.04708520179372197,0.16743119266055045,0.6659501378203809
0.04820627802690583,0.16743119266055045,0.6659501378203809
0.04932735426008968,0.16743119266055045,0.6659501378203809
0.04932735426008968,0.16972477064220184,0.6659501378203809
0.05044843049327354,0.16972477064220184,0.6659501378203809
0.05044843049327354,0.1720183486238532,0.6659501378203809
0.05044843049327354,0.1743119266055046,0.6659501378203809
0.05044843049327354,0.17660550458715596,0.6659501378203809
0.0515695067264574,0.17660550458715596,0.6659501378203809
0.0515695067264574,0.17889908256880735,0.6659501378203809
0.052690582959641255,0.17889908256880735,0.6659501378203809
0.053811659192825115,0.17889908256880735,0.6659501378203809
0.053811659192825115,0.1811926605504587,0.6659501378203809
0.053811659192825115,0.1834862385321101,0.6659501378203809
0.053811659192825115,0.18577981651376146,0.6659501378203809
0.053811659192825115,0.18807339449541285,0.6659501378203809
0.05493273542600897,0.18807339449541285,0.6659501378203809
0.05493273542600897,0.19036697247706422,0.6659501378203809
0.05493273542600897,0.1926605504587156,0.6659501378203809
0.05605381165919283,0.1926605504587156,0.6659501378203809
0.05717488789237668,0.1926605504587156,0.6659501378203809
0.05829596412556054,0.1926605504587156,0.6659501378203809
0.05829596412556054,0.19495412844036697,0.6659501378203809
0.05829596412556054,0.19724770642201836,0.6659501378203809
0.05941704035874439,0.19724770642201836,0.6659501378203809
0.05941704035874439,0.19954128440366972,0.6659501378203809
0.06053811659192825,0.19954128440366972,0.6659501378203809
0.06053811659192825,0.2018348623853211,0.6659501378203809
0.06053811659192825,0.20412844036697247,0.6659501378203809
0.061659192825112105,0.20412844036697247,0.6659501378203809
0.061659192825112105,0.20642201834862386,0.6659501378203809
0.06278026905829596,0.20642201834862386,0.6659501378203809
0.06278026905829596,0.20871559633027523,0.6659501378203809
0.06278026905829596,0.21100917431192662,0.6659501378203809
0.06390134529147982,0.21100917431192662,0.6659501378203809
0.06390134529147982,0.21330275229357798,0.6659501378203809
0.06390134529147982,0.21559633027522937,0.6659501378203809
0.06502242152466367,0.21559633027522937,0.6659501378203809
0.06502242152466367,0.21788990825688073,0.6659501378203809
0.06502242152466367,0.22018348623853212,0.6659501378203809
0.06614349775784753,0.22018348623853212,0.6659501378203809
0.06614349775784753,0.22247706422018348,0.6659501378203809
0.06614349775784753,0.22477064220183487,0.6659501378203809
0.06726457399103139,0.22477064220183487,0.6659501378203809
0.06726457399103139,0.22706422018348624,0.6659501378203809
0.06838565022421525,0.22706422018348624,0.6659501378203809
0.06838565022421525,0.22935779816513763,0.6659501378203809
0.06950672645739911,0.22935779816513763,0.6659501378203809
0.06950672645739911,0.231651376146789,0.6659501378203809
0.07062780269058296,0.231651376146789,0.6659501378203809
0.07174887892376682,0.231651376146789,0.6659501378203809
0.07286995515695067,0.231651376146789,0.6659501378203809
0.07399103139013453,0.231651376146789,0.6659501378203809
0.07511210762331838,0.231651376146789,0.6659501378203809
0.07623318385650224,0.231651376146789,0.6659501378203809
0.07623318385650224,0.23394495412844038,0.6659501378203809
0.07623318385650224,0.23623853211009174,0.6659501378203809
0.0773542600896861,0.23623853211009174,0.6659501378203809
0.07847533632286996,0.23623853211009174,0.6659501378203809
0.07847533632286996,0.23853211009174313,0.6659501378203809
0.0795964125560538,0.23853211009174313,0.6659501378203809
0.08071748878923767,0.23853211009174313,0.6659501378203809
0.08071748878923767,0.2408256880733945,0.6659501378203809
0.08071748878923767,0.24311926605504589,0.6659501378203809
0.08183856502242152,0.24311926605504589,0.6659501378203809
0.08295964125560538,0.24311926605504589,0.6659501378203809
0.08295964125560538,0.24541284403669725,0.6659501378203809
0.08408071748878924,0.24541284403669725,0.6659501378203809
0.08408071748878924,0.24770642201834864,0.6659501378203809
0.08520179372197309,0.24770642201834864,0.6659501378203809
0.08520179372197309,0.25,0.6659501378203809
0.08632286995515695,0.25,0.6659501378203809
0.08744394618834081,0.25,0.6659501378203809
0.08744394618834081,0.25229357798165136,0.6659501378203809
0.08856502242152467,0.25229357798165136,0.6659501378203809
0.08968609865470852,0.25229357798165136,0.6659501378203809
0.09080717488789238,0.25229357798165136,0.6659501378203809
0.09192825112107623,0.25229357798165136,0.6659501378203809
0.09192825112107623,0.2545871559633027,0.6659501378203809
0.0930493273542601,0.2545871559633027,0.6659501378203809
0.09417040358744394,0.2545871559633027,0.6659501378203809
0.09417040358744394,0.25688073394495414,0.6659501378203809
0.0952914798206278,0.25688073394495414,0.6659501378203809
0.09641255605381166,0.25688073394495414,0.6659501378203809
0.09641255605381166,0.2591743119266055,0.6659501378203809
0.09753363228699552,0.2591743119266055,0.6659501378203809
0.09753363228699552,0.26146788990825687,0.6659501378203809
0.09753363228699552,0.26376146788990823,0.6659501378203809
0.09865470852017937,0.26376146788990823,0.6659501378203809
0.09865470852017937,0.26605504587155965,0.6659501378203809
0.09865470852017937,0.268348623853211,0.6659501378203809
0.09977578475336323,0.268348623853211,0.6659501378203809
0.10089686098654709,0.268348623853211,0.6659501378203809
0.10089686098654709,0.2706422018348624,0.6659501378203809
0.10089686098654709,0.27293577981651373,0.6659501378203809
0.10089686098654709,0.27522935779816515,0.6659501378203809
0.10089686098654709,0.2775229357798165,0.6659501378203809
0.10201793721973094,0.2775229357798165,0.6659501378203809
0.1031390134529148,0.2775229357798165,0.6659501378203809
0.1031390134529148,0.2798165137614679,0.6659501378203809
0.1031390134529148,0.28211009174311924,0.6659501378203809
0.1031390134529148,0.28440366972477066,0.6659501378203809
0.1031390134529148,0.286697247706422,0.6659501378203809
0.10426008968609865,0.286697247706422,0.6659501378203809
0.10426008968609865,0.2889908256880734,0.6659501378203809
0.10426008968609865,0.29128440366972475,0.6659501378203809
0.10426008968609865,0.29357798165137616,0.6659501378203809
0.10538116591928251,0.29357798165137616,0.6659501378203809
0.10650224215246637,0.29357798165137616,0.6659501378203809
0.10650224215246637,0.2958715596330275,0.6659501378203809
0.10762331838565023,0.2958715596330275,0.6659501378203809
0.10762331838565023,0.2981651376146789,0.6659501378203809
0.10874439461883408,0.2981651376146789,0.6659501378203809
0.10874439461883408,0.30045871559633025,0.6659501378203809
0.10986547085201794,0.30045871559633025,0.6659501378203809
0.10986547085201794,0.30275229357798167,0.6659501378203809
0.10986547085201794,0.30504587155963303,0.6659501378203809
0.1109865470852018,0.30504587155963303,0.6659501378203809
0.11210762331838565,0.30504587155963303,0.6659501378203809
0.1132286995515695,0.30504587155963303,0.6659501378203809
0.11434977578475336,0.30504587155963303,0.6659501378203809
0.11434977578475336,0.3073394495412844,0.6659501378203809
0.11434977578475336,0.30963302752293576,0.6659501378203809
0.11547085201793722,0.30963302752293576,0.6659501378203809
0.11659192825112108,0.30963302752293576,0.6659501378203809
0.11659192825112108,0.3119266055045872,0.6659501378203809
0.11659192825112108,0.31422018348623854,0.6659501378203809
0.11659192825112108,0.3165137614678899,0.6659501378203809
0.11659192825112108,0.31880733944954126,0.6659501378203809
0.11771300448430494,0.31880733944954126,0.6659501378203809
0.11883408071748879,0.31880733944954126,0.6659501378203809
0.11995515695067265,0.31880733944954126,0.6659501378203809
0.1210762331838565,0.31880733944954126,0.6659501378203809
0.12219730941704036,0.31880733944954126,0.6659501378203809
0.12331838565022421,0.31880733944954126,0.6659501378203809
0.12443946188340807,0.31880733944954126,0.6659501378203809
0.12556053811659193,0.31880733944954126,0.6659501378203809
0.12556053811659193,0.3211009174311927,0.6659501378203809
0.12556053811659193,0.32339449541284404,0.6659501378203809
0.1266816143497758,0.32339449541284404,0.6659501378203809
0.12780269058295965,0.32339449541284404,0.6659501378203809
0.12780269058295965,0.3256880733944954,0.6659501378203809
0.1289237668161435,0.3256880733944954,0.6659501378203809
0.13004484304932734,0.3256880733944954,0.6659501378203809
0.1311659192825112,0.3256880733944954,0.6659501378203809
0.1311659192825112,0.32798165137614677,0.6659501378203809
0.13228699551569506,0.32798165137614677,0.6659501378203809
0.13228699551569506,0.3302752293577982,0.6659501378203809
0.13340807174887892,0.3302752293577982,0.6659501378203809
0.13452914798206278,0.3302752293577982,0.6659501378203809
0.13565022421524664,0.3302752293577982,0.6659501378203809
0.13565022421524664,0.33256880733944955,0.6659501378203809
0.13565022421524664,0.3348623853211009,0.6659501378203809
0.1367713004484305,0.3348623853211009,0.6659501378203809
0.13789237668161436,0.3348623853211009,0.6659501378203809
0.13901345291479822,0.3348623853211009,0.6659501378203809
0.14013452914798205,0.3348623853211009,0.6659501378203809
0.1412556053811659,0.3348623853211009,0.6659501378203809
0.14237668161434977,0.3348623853211009,0.6659501378203809
0.14237668161434977,0.33715596330275227,0.6659501378203809
0.14237668161434977,0.3394495412844037,0.6659501378203809
0.14349775784753363,0.3394495412844037,0.6659501378203809
0.14349775784753363,0.34174311926605505,0.6659501378203809
0.1446188340807175,0.34174311926605505,0.6659501378203809
0.1446188340807175,0.3440366972477064,0.6659501378203809
0.14573991031390135,0.3440366972477064,0.6659501378203809
0.1468609865470852,0.3440366972477064,0.6659501378203809
0.14798206278026907,0.3440366972477064,0.6659501378203809
0.1491031390134529,0.3440366972477064,0.6659501378203809
0.1491031390134529,0.3463302752293578,0.6659501378203809
0.15022421524663676,0.3463302752293578,0.6659501378203809
0.15022421524663676,0.3486238532110092,0.6659501378203809
0.15022421524663676,0.35091743119266056,0.6659501378203809
0.15134529147982062,0.35091743119266056,0.6659501378203809
0.15246636771300448,0.35091743119266056,0.6659501378203809
0.15358744394618834,0.35091743119266056,0.6659501378203809
0.1547085201793722,0.35091743119266056,0.6659501378203809
0.1547085201793722,0.3532110091743119,0.6659501378203809
0.1547085201793722,0.3555045871559633,0.6659501378203809
0.15582959641255606,0.3555045871559633,0.6659501378203809
0.15582959641255606,0.3577981651376147,0.6659501378203809
0.15695067264573992,0.3577981651376147,0.6659501378203809
0.15695067264573992,0.36009174311926606,0.6659501378203809
0.15807174887892378,0.36009174311926606,0.6659501378203809
0.15807174887892378,0.3623853211009174,0.6659501378203809
0.1591928251121076,0.3623853211009174,0.6659501378203809
0.1591928251121076,0.3646788990825688,0.6659501378203809
0.16031390134529147,0.3646788990825688,0.6659501378203809
0.16031390134529147,0.3669724770642202,0.6659501378203809
0.16031390134529147,0.36926605504587157,0.6659501378203809
0.16143497757847533,0.36926605504587157,0.6659501378203809
0.1625560538116592,0.36926605504587157,0.6659501378203809
0.16367713004484305,0.36926605504587157,0.6659501378203809
0.1647982062780269,0.36926605504587157,0.6659501378203809
0.16591928251121077,0.36926605504587157,0.6659501378203809
0.16591928251121077,0.37155963302752293,0.6659501378203809
0.16704035874439463,0.37155963302752293,0.6659501378203809
0.1681614349775785,0.37155963302752293,0.6659501378203809
0.1681614349775785,0.3738532110091743,0.6659501378203809
0.16928251121076232,0.3738532110091743,0.6659501378203809
0.17040358744394618,0.3738532110091743,0.6659501378203809
0.17152466367713004,0.3738532110091743,0.6659501378203809
0.17152466367713004,0.3761467889908257,0.6659501378203809
0.17152466367713004,0.37844036697247707,0.6659501378203809
0.1726457399103139,0.37844036697247707,0.6659501378203809
0.1726457399103139,0.38073394495412843,0.6659501378203809
0.17376681614349776,0.38073394495412843,0.6659501378203809
0.17488789237668162,0.38073394495412843,0.6659501378203809
0.17600896860986548,0.38073394495412843,0.6659501378203809
0.17600896860986548,0.3830275229357798,0.6659501378203809
0.17713004484304934,0.3830275229357798,0.6659501378203809
0.17825112107623317,0.3830275229357798,0.6659501378203809
0.17825112107623317,0.3853211009174312,0.6659501378203809
0.17825112107623317,0.3876146788990826,0.6659501378203809
0.17937219730941703,0.3876146788990826,0.6659501378203809
0.17937219730941703,0.38990825688073394,0.6659501378203809
0.1804932735426009,0.38990825688073394,0.6659501378203809
0.1804932735426009,0.3922018348623853,0.6659501378203809
0.1804932735426009,0.3944954128440367,0.6659501378203809
0.1804932735426009,0.3967889908256881,0.6659501378203809
0.18161434977578475,0.3967889908256881,0.6659501378203809
0.1827354260089686,0.3967889908256881,0.6659501378203809
0.18385650224215247,0.3967889908256881,0.6659501378203809
0.18497757847533633,0.3967889908256881,0.6659501378203809
0.1860986547085202,0.3967889908256881,0.6659501378203809
0.18721973094170405,0.3967889908256881,0.6659501378203809
0.18834080717488788,0.3967889908256881,0.6659501378203809
0.18946188340807174,0.3967889908256881,0.6659501378203809
0.1905829596412556,0.3967889908256881,0.6659501378203809
0.19170403587443946,0.3967889908256881,0.6659501378203809
0.19170403587443946,0.39908256880733944,0.6659501378203809
0.19282511210762332,0.39908256880733944,0.6659501378203809
0.19394618834080718,0.39908256880733944,0.6659501378203809
0.19506726457399104,0.39908256880733944,0.6659501378203809
0.19506726457399104,0.4013761467889908,0.6659501378203809
0.1961883408071749,0.4013761467889908,0.6659501378203809
0.19730941704035873,0.4013761467889908,0.6659501378203809
0.1984304932735426,0.4013761467889908,0.6659501378203809
0.19955156950672645,0.4013761467889908,0.6659501378203809
0.19955156950672645,0.4036697247706422,0.6659501378203809
0.2006726457399103,0.4036697247706422,0.6659501378203809
0.2006726457399103,0.4059633027522936,0.6659501378203809
0.2006726457399103,0.40825688073394495,0.6659501378203809
0.2006726457399103,0.4105504587155963,0.6659501378203809
0.20179372197309417,0.4105504587155963,0.6659501378203809
0.20291479820627803,0.4105504587155963,0.6659501378203809
0.2040358744394619,0.4105504587155963,0.6659501378203809
0.20515695067264575,0.4105504587155963,0.6659501378203809
0.2062780269058296,0.4105504587155963,0.6659501378203809
0.20739910313901344,0.4105504587155963,0.6659501378203809
0.2085201793721973,0.4105504587155963,0.6659501378203809
0.2085201793721973,0.41284403669724773,0.6659501378203809
0.20964125560538116,0.41284403669724773,0.6659501378203809
0.21076233183856502,0.41284403669724773,0.6659501378203809
0.21188340807174888,0.41284403669724773,0.6659501378203809
0.21300448430493274,0.41284403669724773,0.6659501378203809
0.2141255605381166,0.41284403669724773,0.6659501378203809
0.2141255605381166,0.4151376146788991,0.6659501378203809
0.2141255605381166,0.41743119266055045,0.6659501378203809
0.21524663677130046,0.41743119266055045,0.6659501378203809
0.2163677130044843,0.41743119266055045,0.6659501378203809
0.2163677130044843,0.4197247706422018,0.6659501378203809
0.2163677130044843,0.42201834862385323,0.6659501378203809
0.21748878923766815,0.42201834862385323,0.6659501378203809
0.21748878923766815,0.4243119266055046,0.6659501378203809
0.21748878923766815,0.42660550458715596,0.6659501378203809
0.218609865470852,0.42660550458715596,0.6659501378203809
0.21973094170403587,0.42660550458715596,0.6659501378203809
0.22085201793721973,0.42660550458715596,0.6659501378203809
0.2219730941704036,0.42660550458715596,0.6659501378203809
0.22309417040358745,0.42660550458715596,0.6659501378203809
0.22309417040358745,0.4288990825688073,0.6659501378203809
0.2242152466367713,0.4288990825688073,0.6659501378203809
0.22533632286995517,0.4288990825688073,0.6659501378203809
0.226457399103139,0.4288990825688073,0.6659501378203809
0.226457399103139,0.43119266055045874,0.6659501378203809
0.22757847533632286,0.43119266055045874,0.6659501378203809
0.22757847533632286,0.4334862385321101,0.6659501378203809
0.22757847533632286,0.43577981651376146,0.6659501378203809
0.22869955156950672,0.43577981651376146,0.6659501378203809
0.22982062780269058,0.43577981651376146,0.6659501378203809
0.22982062780269058,0.4380733944954128,0.6659501378203809
0.22982062780269058,0.44036697247706424,0.6659501378203809
0.22982062780269058,0.4426605504587156,0.6659501378203809
0.23094170403587444,0.4426605504587156,0.6659501378203809
0.23094170403587444,0.44495412844036697,0.6659501378203809
0.23094170403587444,0.44724770642201833,0.6659501378203809
0.2320627802690583,0.44724770642201833,0.6659501378203809
0.23318385650224216,0.44724770642201833,0.6659501378203809
0.23430493273542602,0.44724770642201833,0.6659501378203809
0.23542600896860988,0.44724770642201833,0.6659501378203809
0.23542600896860988,0.44954128440366975,0.6659501378203809
0.2365470852017937,0.44954128440366975,0.6659501378203809
0.2365470852017937,0.4518348623853211,0.6659501378203809
0.2365470852017937,0.4541284403669725,0.6659501378203809
0.2365470852017937,0.45642201834862384,0.6659501378203809
0.23766816143497757,0.45642201834862384,0.6659501378203809
0.23878923766816143,0.45642201834862384,0.6659501378203809
0.2399103139013453,0.45642201834862384,0.6659501378203809
0.24103139013452915,0.45642201834862384,0.6659501378203809
0.24103139013452915,0.45871559633027525,0.6659501378203809
0.24103139013452915,0.4610091743119266,0.6659501378203809
0.24103139013452915,0.463302752293578,0.6659501378203809
0.242152466367713,0.463302752293578,0.6659501378203809
0.24327354260089687,0.463302752293578,0.6659501378203809
0.24327354260089687,0.46559633027522934,0.6659501378203809
0.24439461883408073,0.46559633027522934,0.6659501378203809
0.24551569506726456,0.46559633027522934,0.6659501378203809
0.24663677130044842,0.46559633027522934,0.6659501378203809
0.24663677130044842,0.46788990825688076,0.6659501378203809
0.24775784753363228,0.46788990825688076,0.6659501378203809
0.24887892376681614,0.46788990825688076,0.6659501378203809
0.25,0.46788990825688076,0.6659501378203809
0.25112107623318386,0.46788990825688076,0.6659501378203809
0.2522421524663677,0.46788990825688076,0.6659501378203809
0.2533632286995516,0.46788990825688076,0.6659501378203809
0.25448430493273544,0.46788990825688076,0.6659501378203809
0.2556053811659193,0.46788990825688076,0.6659501378203809
0.25672645739910316,0.46788990825688076,0.6659501378203809
0.257847533632287,0.46788990825688076,0.6659501378203809
0.257847533632287,0.4701834862385321,0.6659501378203809
0.2589686098654709,0.4701834862385321,0.6659501378203809
0.2589686098654709,0.4724770642201835,0.6659501378203809
0.2589686098654709,0.47477064220183485,0.6659501378203809
0.2600896860986547,0.47477064220183485,0.6659501378203809
0.26121076233183854,0.47477064220183485,0.6659501378203809
0.2623318385650224,0.47477064220183485,0.6659501378203809
0.26345291479820626,0.47477064220183485,0.6659501378203809
0.26345291479820626,0.47706422018348627,0.6659501378203809
0.2645739910313901,0.47706422018348627,0.6659501378203809
0.265695067264574,0.47706422018348627,0.6659501378203809
0.26681614349775784,0.47706422018348627,0.6659501378203809
0.26681614349775784,0.4793577981651376,0.6659501378203809
0.2679372197309417,0.4793577981651376,0.6659501378203809
0.26905829596412556,0.4793577981651376,0.6659501378203809
0.26905829596412556,0.481651376146789,0.6659501378203809
0.26905829596412556,0.48394495412844035,0.6659501378203809
0.2701793721973094,0.48394495412844035,0.6659501378203809
0.2701793721973094,0.48623853211009177,0.6659501378203809
0.2701793721973094,0.48853211009174313,0.6659501378203809
0.2713004484304933,0.48853211009174313,0.6659501378203809
0.27242152466367714,0.48853211009174313,0.6659501378203809
0.273542600896861,0.48853211009174313,0.6659501378203809
0.273542600896861,0.4908256880733945,0.6659501378203809
0.27466367713004486,0.4908256880733945,0.6659501378203809
0.2757847533632287,0.4908256880733945,0.6659501378203809
0.2757847533632287,0.49311926605504586,0.6659501378203809
0.2757847533632287,0.4954128440366973,0.6659501378203809
0.2757847533632287,0.49770642201834864,0.6659501378203809
0.2769058295964126,0.49770642201834864,0.6659501378203809
0.2769058295964126,0.5,0.6659501378203809
0.2769058295964126,0.5022935779816514,0.6659501378203809
0.27802690582959644,0.5022935779816514,0.6659501378203809
0.27802690582959644,0.5045871559633027,0.6659501378203809
0.27802690582959644,0.5068807339449541,0.6659501378203809
0.27802690582959644,0.5091743119266054,0.6659501378203809
0.27914798206278024,0.5091743119266054,0.6659501378203809
0.2802690582959641,0.5091743119266054,0.6659501378203809
0.28139013452914796,0.5091743119266054,0.6659501378203809
0.2825112107623318,0.5091743119266054,0.6659501378203809
0.2836322869955157,0.5091743119266054,0.6659501378203809
0.2836322869955157,0.5114678899082569,0.6659501378203809
0.28475336322869954,0.5114678899082569,0.6659501378203809
0.28475336322869954,0.5137614678899083,0.6659501378203809
0.2858744394618834,0.5137614678899083,0.6659501378203809
0.28699551569506726,0.5137614678899083,0.6659501378203809
0.2881165919282511,0.5137614678899083,0.6659501378203809
0.289237668161435,0.5137614678899083,0.6659501378203809
0.29035874439461884,0.5137614678899083,0.6659501378203809
0.2914798206278027,0.5137614678899083,0.6659501378203809
0.29260089686098656,0.5137614678899083,0.6659501378203809
0.2937219730941704,0.5137614678899083,0.6659501378203809
0.2937219730941704,0.5160550458715596,0.6659501378203809
0.2948430493273543,0.5160550458715596,0.6659501378203809
0.29596412556053814,0.5160550458715596,0.6659501378203809
0.297085201793722,0.5160550458715596,0.6659501378203809
0.2982062780269058,0.5160550458715596,0.6659501378203809
0.2982062780269058,0.518348623853211,0.6659501378203809
0.29932735426008966,0.518348623853211,0.6659501378203809
0.29932735426008966,0.5206422018348624,0.6659501378203809
0.29932735426008966,0.5229357798165137,0.6659501378203809
0.3004484304932735,0.5229357798165137,0.6659501378203809
0.3015695067264574,0.5229357798165137,0.6659501378203809
0.30269058295964124,0.5229357798165137,0.6659501378203809
0.30269058295964124,0.5252293577981652,0.6659501378203809
0.3038116591928251,0.5252293577981652,0.6659501378203809
0.30493273542600896,0.5252293577981652,0.6659501378203809
0.3060538116591928,0.5252293577981652,0.6659501378203809
0.3071748878923767,0.5252293577981652,0.6659501378203809
0.3071748878923767,0.5275229357798165,0.6659501378203809
0.30829596412556054,0.5275229357798165,0.6659501378203809
0.3094170403587444,0.5275229357798165,0.6659501378203809
0.3094170403587444,0.5298165137614679,0.6659501378203809
0.31053811659192826,0.5298165137614679,0.6659501378203809
0.3116591928251121,0.5298165137614679,0.6659501378203809
0.3116591928251121,0.5321100917431193,0.6659501378203809
0.3116591928251121,0.5344036697247706,0.6659501378203809
0.3116591928251121,0.536697247706422,0.6659501378203809
0.3116591928251121,0.5389908256880734,0.6659501378203809
0.3116591928251121,0.5412844036697247,0.6659501378203809
0.3116591928251121,0.5435779816513762,0.6659501378203809
0.312780269058296,0.5435779816513762,0.6659501378203809
0.31390134529147984,0.5435779816513762,0.6659501378203809
0.3150224215246637,0.5435779816513762,0.6659501378203809
0.3150224215246637,0.5458715596330275,0.6659501378203809
0.31614349775784756,0.5458715596330275,0.6659501378203809
0.31614349775784756,0.5481651376146789,0.6659501378203809
0.3172645739910314,0.5481651376146789,0.6659501378203809
0.3183856502242152,0.5481651376146789,0.6659501378203809
0.3195067264573991,0.5481651376146789,0.6659501378203809
0.32062780269058294,0.5481651376146789,0.6659501378203809
0.3217488789237668,0.5481651376146789,0.6659501378203809
0.32286995515695066,0.5481651376146789,0.6659501378203809
0.3239910313901345,0.5481651376146789,0.6659501378203809
0.3251121076233184,0.5481651376146789,0.6659501378203809
0.3251121076233184,0.5504587155963303,0.6659501378203809
0.32623318385650224,0.5504587155963303,0.6659501378203809
0.32623318385650224,0.5527522935779816,0.6659501378203809
0.3273542600896861,0.5527522935779816,0.6659501378203809
0.3273542600896861,0.555045871559633,0.6659501378203809
0.3273542600896861,0.5573394495412844,0.6659501378203809
0.3273542600896861,0.5596330275229358,0.6659501378203809
0.3273542600896861,0.5619266055045872,0.6659501378203809
0.3273542600896861,0.5642201834862385,0.6659501378203809
0.32847533632286996,0.5642201834862385,0.6659501378203809
0.32847533632286996,0.5665137614678899,0.6659501378203809
0.3295964125560538,0.5665137614678899,0.6659501378203809
0.3307174887892377,0.5665137614678899,0.6659501378203809
0.3307174887892377,0.5688073394495413,0.6659501378203809
0.33183856502242154,0.5688073394495413,0.6659501378203809
0.3329596412556054,0.5688073394495413,0.6659501378203809
0.33408071748878926,0.5688073394495413,0.6659501378203809
0.3352017937219731,0.5688073394495413,0.6659501378203809
0.336322869955157,0.5688073394495413,0.6659501378203809
0.3374439461883408,0.5688073394495413,0.6659501378203809
0.33856502242152464,0.5688073394495413,0.6659501378203809
0.33856502242152464,0.5711009174311926,0.6659501378203809
0.3396860986547085,0.5711009174311926,0.6659501378203809
0.34080717488789236,0.5711009174311926,0.6659501378203809
0.3419282511210762,0.5711009174311926,0.6659501378203809
0.3430493273542601,0.5711009174311926,0.6659501378203809
0.34417040358744394,0.5711009174311926,0.6659501378203809
0.34417040358744394,0.573394495412844,0.6659501378203809
0.3452914798206278,0.573394495412844,0.6659501378203809
0.34641255605381166,0.573394495412844,0.6659501378203809
0.3475336322869955,0.573394495412844,0.6659501378203809
0.3486547085201794,0.573394495412844,0.6659501378203809
0.34977578475336324,0.573394495412844,0.6659501378203809
0.34977578475336324,0.5756880733944955,0.6659501378203809
0.34977578475336324,0.5779816513761468,0.6659501378203809
0.3508968609865471,0.5779816513761468,0.6659501378203809
0.35201793721973096,0.5779816513761468,0.6659501378203809
0.35201793721973096,0.5802752293577982,0.6659501378203809
0.3531390134529148,0.5802752293577982,0.6659501378203809
0.3542600896860987,0.5802752293577982,0.6659501378203809
0.3542600896860987,0.5825688073394495,0.6659501378203809
0.35538116591928254,0.5825688073394495,0.6659501378203809
0.35650224215246634,0.5825688073394495,0.6659501378203809
0.3576233183856502,0.5825688073394495,0.6659501378203809
0.35874439461883406,0.5825688073394495,0.6659501378203809
0.3598654708520179,0.5825688073394495,0.6659501378203809
0.3598654708520179,0.5848623853211009,0.6659501378203809
0.3609865470852018,0.5848623853211009,0.6659501378203809
0.36210762331838564,0.5848623853211009,0.6659501378203809
0.3632286995515695,0.5848623853211009,0.6659501378203809
0.3632286995515695,0.5871559633027523,0.6659501378203809
0.36434977578475336,0.5871559633027523,0.6659501378203809
0.3654708520179372,0.5871559633027523,0.6659501378203809
0.3665919282511211,0.5871559633027523,0.6659501378203809
0.36771300448430494,0.5871559633027523,0.6659501378203809
0.3688340807174888,0.5871559633027523,0.6659501378203809
0.36995515695067266,0.5871559633027523,0.6659501378203809
0.3710762331838565,0.5871559633027523,0.6659501378203809
0.3721973094170404,0.5871559633027523,0.6659501378203809
0.37331838565022424,0.5871559633027523,0.6659501378203809
0.37331838565022424,0.5894495412844036,0.6659501378203809
0.3744394618834081,0.5894495412844036,0.6659501378203809
0.3755605381165919,0.5894495412844036,0.6659501378203809
0.37668161434977576,0.5894495412844036,0.6659501378203809
0.3778026905829596,0.5894495412844036,0.6659501378203809
0.3778026905829596,0.591743119266055,0.6659501378203809
0.3789237668161435,0.591743119266055,0.6659501378203809
0.38004484304932734,0.591743119266055,0.6659501378203809
0.3811659192825112,0.591743119266055,0.6659501378203809
0.38228699551569506,0.591743119266055,0.6659501378203809
0.38228699551569506,0.5940366972477065,0.6659501378203809
0.38228699551569506,0.5963302752293578,0.6659501378203809
0.3834080717488789,0.5963302752293578,0.6659501378203809
0.3845291479820628,0.5963302752293578,0.6659501378203809
0.38565022421524664,0.5963302752293578,0.6659501378203809
0.38565022421524664,0.5986238532110092,0.6659501378203809
0.3867713004484305,0.5986238532110092,0.6659501378203809
0.38789237668161436,0.5986238532110092,0.6659501378203809
0.38789237668161436,0.6009174311926605,0.6659501378203809
0.3890134529147982,0.6009174311926605,0.6659501378203809
0.3901345291479821,0.6009174311926605,0.6659501378203809
0.39125560538116594,0.6009174311926605,0.6659501378203809
0.3923766816143498,0.6009174311926605,0.6659501378203809
0.3923766816143498,0.6032110091743119,0.6659501378203809
0.39349775784753366,0.6032110091743119,0.6659501378203809
0.39349775784753366,0.6055045871559633,0.6659501378203809
0.39349775784753366,0.6077981651376146,0.6659501378203809
0.39349775784753366,0.6100917431192661,0.6659501378203809
0.39461883408071746,0.6100917431192661,0.6659501378203809
0.3957399103139013,0.6100917431192661,0.6659501378203809
0.3968609865470852,0.6100917431192661,0.6659501378203809
0.39798206278026904,0.6100917431192661,0.6659501378203809
0.3991031390134529,0.6100917431192661,0.6659501378203809
0.3991031390134529,0.6123853211009175,0.6659501378203809
0.40022421524663676,0.6123853211009175,0.6659501378203809
0.4013452914798206,0.6123853211009175,0.6659501378203809
0.4013452914798206,0.6146788990825688,0.6659501378203809
0.4013452914798206,0.6169724770642202,0.6659501378203809
0.4024663677130045,0.6169724770642202,0.6659501378203809
0.40358744394618834,0.6169724770642202,0.6659501378203809
0.40358744394618834,0.6192660550458715,0.6659501378203809
0.40358744394618834,0.6215596330275229,0.6659501378203809
0.4047085201793722,0.6215596330275229,0.6659501378203809
0.40582959641255606,0.6215596330275229,0.6659501378203809
0.40582959641255606,0.6238532110091743,0.6659501378203809
0.4069506726457399,0.6238532110091743,0.6659501378203809
0.4080717488789238,0.6238532110091743,0.6659501378203809
0.40919282511210764,0.6238532110091743,0.6659501378203809
0.4103139013452915,0.6238532110091743,0.6659501378203809
0.41143497757847536,0.6238532110091743,0.6659501378203809
0.41143497757847536,0.6261467889908257,0.6659501378203809
0.41143497757847536,0.6284403669724771,0.6659501378203809
0.41143497757847536,0.6307339449541285,0.6659501378203809
0.4125560538116592,0.6307339449541285,0.6659501378203809
0.413677130044843,0.6307339449541285,0.6659501378203809
0.413677130044843,0.6330275229357798,0.6659501378203809
0.413677130044843,0.6353211009174312,0.6659501378203809
0.4147982062780269,0.6353211009174312,0.6659501378203809
0.41591928251121074,0.6353211009174312,0.6659501378203809
0.41591928251121074,0.6376146788990825,0.6659501378203809
0.41591928251121074,0.6399082568807339,0.6659501378203809
0.4170403587443946,0.6399082568807339,0.6659501378203809
0.41816143497757846,0.6399082568807339,0.6659501378203809
0.4192825112107623,0.6399082568807339,0.6659501378203809
0.4204035874439462,0.6399082568807339,0.6659501378203809
0.42152466367713004,0.6399082568807339,0.6659501378203809
0.4226457399103139,0.6399082568807339,0.6659501378203809
0.42376681614349776,0.6399082568807339,0.6659501378203809
0.42376681614349776,0.6422018348623854,0.6659501378203809
0.42376681614349776,0.6444954128440367,0.6659501378203809
0.42376681614349776,0.6467889908256881,0.6659501378203809
0.4248878923766816,0.6467889908256881,0.6659501378203809
0.4260089686098655,0.6467889908256881,0.6659501378203809
0.42713004484304934,0.6467889908256881,0.6659501378203809
0.4282511210762332,0.6467889908256881,0.6659501378203809
0.42937219730941706,0.6467889908256881,0.6659501378203809
0.42937219730941706,0.6490825688073395,0.6659501378203809
0.42937219730941706,0.6513761467889908,0.6659501378203809
0.4304932735426009,0.6513761467889908,0.6659501378203809
0.4304932735426009,0.6536697247706422,0.6659501378203809
0.4304932735426009,0.6559633027522935,0.6659501378203809
0.4316143497757848,0.6559633027522935,0.6659501378203809
0.4327354260089686,0.6559633027522935,0.6659501378203809
0.43385650224215244,0.6559633027522935,0.6659501378203809
0.43385650224215244,0.658256880733945,0.6659501378203809
0.4349775784753363,0.658256880733945,0.6659501378203809
0.4349775784753363,0.6605504587155964,0.6659501378203809
0.4349775784753363,0.6628440366972477,0.6659501378203809
0.43609865470852016,0.6628440366972477,0.6659501378203809
0.437219730941704,0.6628440366972477,0.6659501378203809
0.437219730941704,0.6651376146788991,0.6659501378203809
0.4383408071748879,0.6651376146788991,0.6659501378203809
0.43946188340807174,0.6651376146788991,0.6659501378203809
0.4405829596412556,0.6651376146788991,0.6659501378203809
0.44170403587443946,0.6651376146788991,0.6659501378203809
0.4428251121076233,0.6651376146788991,0.6659501378203809
0.4439461883408072,0.6651376146788991,0.6659501378203809
0.44506726457399104,0.6651376146788991,0.6659501378203809
0.44506726457399104,0.6674311926605505,0.6659501378203809
0.44506726457399104,0.6697247706422018,0.6659501378203809
0.4461883408071749,0.6697247706422018,0.6659501378203809
0.44730941704035876,0.6697247706422018,0.6659501378203809
0.4484304932735426,0.6697247706422018,0.6659501378203809
0.4484304932735426,0.6720183486238532,0.6659501378203809
0.4484304932735426,0.6743119266055045,0.6659501378203809
0.4484304932735426,0.676605504587156,0.6659501378203809
0.4495515695067265,0.676605504587156,0.6659501378203809
0.45067264573991034,0.676605504587156,0.6659501378203809
0.45067264573991034,0.6788990825688074,0.6659501378203809
0.4517937219730942,0.6788990825688074,0.6659501378203809
0.4517937219730942,0.6811926605504587,0.6659501378203809
0.452914798206278,0.6811926605504587,0.6659501378203809
0.45403587443946186,0.6811926605504587,0.6659501378203809
0.4551569506726457,0.6811926605504587,0.6659501378203809
0.4551569506726457,0.6834862385321101,0.6659501378203809
0.4562780269058296,0.6834862385321101,0.6659501378203809
0.45739910313901344,0.6834862385321101,0.6659501378203809
0.45739910313901344,0.6857798165137615,0.6659501378203809
0.45739910313901344,0.6880733944954128,0.6659501378203809
0.45739910313901344,0.6903669724770642,0.6659501378203809
0.4585201793721973,0.6903669724770642,0.6659501378203809
0.45964125560538116,0.6903669724770642,0.6659501378203809
0.460762331838565,0.6903669724770642,0.6659501378203809
0.4618834080717489,0.6903669724770642,0.6659501378203809
0.46300448430493274,0.6903669724770642,0.6659501378203809
0.46300448430493274,0.6926605504587156,0.6659501378203809
0.46300448430493274,0.694954128440367,0.6659501378203809
0.4641255605381166,0.694954128440367,0.6659501378203809
0.4641255605381166,0.6972477064220184,0.6659501378203809
0.4641255605381166,0.6995412844036697,0.6659501378203809
0.46524663677130046,0.6995412844036697,0.6659501378203809
0.4663677130044843,0.6995412844036697,0.6659501378203809
0.4674887892376682,0.6995412844036697,0.6659501378203809
0.46860986547085204,0.6995412844036697,0.6659501378203809
0.46860986547085204,0.7018348623853211,0.6659501378203809
0.4697309417040359,0.7018348623853211,0.6659501378203809
0.4697309417040359,0.7041284403669725,0.6659501378203809
0.47085201793721976,0.7041284403669725,0.6659501378203809
0.47197309417040356,0.7041284403669725,0.6659501378203809
0.4730941704035874,0.7041284403669725,0.6659501378203809
0.4730941704035874,0.7064220183486238,0.6659501378203809
0.4730941704035874,0.7087155963302753,0.6659501378203809
0.4742152466367713,0.7087155963302753,0.6659501378203809
0.47533632286995514,0.7087155963302753,0.6659501378203809
0.47533632286995514,0.7110091743119266,0.6659501378203809
0.476457399103139,0.7110091743119266,0.6659501378203809
0.47757847533632286,0.7110091743119266,0.6659501378203809
0.47757847533632286,0.713302752293578,0.6659501378203809
0.47757847533632286,0.7155963302752294,0.6659501378203809
0.4786995515695067,0.7155963302752294,0.6659501378203809
0.4798206278026906,0.7155963302752294,0.6659501378203809
0.4798206278026906,0.7178899082568807,0.6659501378203809
0.48094170403587444,0.7178899082568807,0.6659501378203809
0.4820627802690583,0.7178899082568807,0.6659501378203809
0.48318385650224216,0.7178899082568807,0.6659501378203809
0.48318385650224216,0.7201834862385321,0.6659501378203809
0.484304932735426,0.7201834862385321,0.6659501378203809
0.4854260089686099,0.7201834862385321,0.6659501378203809
0.4854260089686099,0.7224770642201835,0.6659501378203809
0.48654708520179374,0.7224770642201835,0.6659501378203809
0.4876681614349776,0.7224770642201835,0.6659501378203809
0.48878923766816146,0.7224770642201835,0.6659501378203809
0.4899103139013453,0.7224770642201835,0.6659501378203809
0.4910313901345291,0.7224770642201835,0.6659501378203809
0.4910313901345291,0.7247706422018348,0.6659501378203809
0.492152466367713,0.7247706422018348,0.6659501378203809
0.49327354260089684,0.7247706422018348,0.6659501378203809
0.49327354260089684,0.7270642201834863,0.6659501378203809
0.4943946188340807,0.7270642201834863,0.6659501378203809
0.4943946188340807,0.7293577981651376,0.6659501378203809
0.4943946188340807,0.731651376146789,0.6659501378203809
0.49551569506726456,0.731651376146789,0.6659501378203809
0.49551569506726456,0.7339449541284404,0.6659501378203809
0.4966367713004484,0.7339449541284404,0.6659501378203809
0.4977578475336323,0.7339449541284404,0.6659501378203809
0.49887892376681614,0.7339449541284404,0.6659501378203809
0.5,0.7339449541284404,0.6659501378203809
0.5011210762331838,0.7339449541284404,0.6659501378203809
0.5022421524663677,0.7339449541284404,0.6659501378203809
0.5033632286995515,0.7339449541284404,0.6659501378203809
0.5044843049327354,0.7339449541284404,0.6659501378203809
0.5044843049327354,0.7362385321100917,0.6659501378203809
0.5056053811659192,0.7362385321100917,0.6659501378203809
0.5067264573991032,0.7362385321100917,0.6659501378203809
0.5067264573991032,0.7385321100917431,0.6659501378203809
0.507847533632287,0.7385321100917431,0.6659501378203809
0.5089686098654709,0.7385321100917431,0.6659501378203809
0.5089686098654709,0.7408256880733946,0.6659501378203809
0.5100896860986547,0.7408256880733946,0.6659501378203809
0.5112107623318386,0.7408256880733946,0.6659501378203809
0.5123318385650224,0.7408256880733946,0.6659501378203809
0.5134529147982063,0.7408256880733946,0.6659501378203809
0.5145739910313901,0.7408256880733946,0.6659501378203809
0.5145739910313901,0.7431192660550459,0.6659501378203809
0.515695067264574,0.7431192660550459,0.6659501378203809
0.5168161434977578,0.7431192660550459,0.6659501378203809
0.5179372197309418,0.7431192660550459,0.6659501378203809
0.5190582959641256,0.7431192660550459,0.6659501378203809
0.5190582959641256,0.7454128440366973,0.6659501378203809
0.5201793721973094,0.7454128440366973,0.6659501378203809
0.5213004484304933,0.7454128440366973,0.6659501378203809
0.5224215246636771,0.7454128440366973,0.6659501378203809
0.5224215246636771,0.7477064220183486,0.6659501378203809
0.523542600896861,0.7477064220183486,0.6659501378203809
0.5246636771300448,0.7477064220183486,0.6659501378203809
0.5246636771300448,0.75,0.6659501378203809
0.5246636771300448,0.7522935779816514,0.6659501378203809
0.5246636771300448,0.7545871559633027,0.6659501378203809
0.5246636771300448,0.7568807339449541,0.6659501378203809
0.5257847533632287,0.7568807339449541,0.6659501378203809
0.5257847533632287,0.7591743119266054,0.6659501378203809
0.5269058295964125,0.7591743119266054,0.6659501378203809
0.5280269058295964,0.7591743119266054,0.6659501378203809
0.5291479820627802,0.7591743119266054,0.6659501378203809
0.5291479820627802,0.7614678899082569,0.6659501378203809
0.5302690582959642,0.7614678899082569,0.6659501378203809
0.5302690582959642,0.7637614678899083,0.6659501378203809
0.531390134529148,0.7637614678899083,0.6659501378203809
0.5325112107623319,0.7637614678899083,0.6659501378203809
0.5336322869955157,0.7637614678899083,0.6659501378203809
0.5347533632286996,0.7637614678899083,0.6659501378203809
0.5358744394618834,0.7637614678899083,0.6659501378203809
0.5369955156950673,0.7637614678899083,0.6659501378203809
0.5381165919282511,0.7637614678899083,0.6659501378203809
0.5392376681614349,0.7637614678899083,0.6659501378203809
0.5403587443946188,0.7637614678899083,0.6659501378203809
0.5414798206278026,0.7637614678899083,0.6659501378203809
0.5414798206278026,0.7660550458715596,0.6659501378203809
0.5426008968609866,0.7660550458715596,0.6659501378203809
0.5437219730941704,0.7660550458715596,0.6659501378203809
0.5437219730941704,0.768348623853211,0.6659501378203809
0.5448430493273543,0.768348623853211,0.6659501378203809
0.5459641255605381,0.768348623853211,0.6659501378203809
0.5459641255605381,0.7706422018348624,0.6659501378203809
0.547085201793722,0.7706422018348624,0.6659501378203809
0.547085201793722,0.7729357798165137,0.6659501378203809
0.547085201793722,0.7752293577981652,0.6659501378203809
0.5482062780269058,0.7752293577981652,0.6659501378203809
0.5493273542600897,0.7752293577981652,0.6659501378203809
0.5504484304932735,0.7752293577981652,0.6659501378203809
0.5515695067264574,0.7752293577981652,0.6659501378203809
0.5515695067264574,0.7775229357798165,0.6659501378203809
0.5526905829596412,0.7775229357798165,0.6659501378203809
0.5526905829596412,0.7798165137614679,0.6659501378203809
0.5526905829596412,0.7821100917431193,0.6659501378203809
0.5538116591928252,0.7821100917431193,0.6659501378203809
0.554932735426009,0.7821100917431193,0.6659501378203809
0.5560538116591929,0.7821100917431193,0.6659501378203809
0.5571748878923767,0.7821100917431193,0.6659501378203809
0.5582959641255605,0.7821100917431193,0.6659501378203809
0.5594170403587444,0.7821100917431193,0.6659501378203809
0.5594170403587444,0.7844036697247706,0.6659501378203809
0.5594170403587444,0.786697247706422,0.6659501378203809
0.5605381165919282,0.786697247706422,0.6659501378203809
0.5616591928251121,0.786697247706422,0.6659501378203809
0.5627802690582959,0.786697247706422,0.6659501378203809
0.5639013452914798,0.786697247706422,0.6659501378203809
0.5650224215246636,0.786697247706422,0.6659501378203809
0.5650224215246636,0.7889908256880734,0.6659501378203809
0.5661434977578476,0.7889908256880734,0.6659501378203809
0.5672645739910314,0.7889908256880734,0.6659501378203809
0.5683856502242153,0.7889908256880734,0.6659501378203809
0.5695067264573991,0.7889908256880734,0.6659501378203809
0.570627802690583,0.7889908256880734,0.6659501378203809
0.5717488789237668,0.7889908256880734,0.6659501378203809
0.5728699551569507,0.7889908256880734,0.6659501378203809
0.5739910313901345,0.7889908256880734,0.6659501378203809
0.5751121076233184,0.7889908256880734,0.6659501378203809
0.5762331838565022,0.7889908256880734,0.6659501378203809
0.577354260089686,0.7889908256880734,0.6659501378203809
0.57847533632287,0.7889908256880734,0.6659501378203809
0.5795964125560538,0.7889908256880734,0.6659501378203809
0.5795964125560538,0.7912844036697247,0.6659501378203809
0.5807174887892377,0.7912844036697247,0.6659501378203809
0.5807174887892377,0.7935779816513762,0.6659501378203809
0.5818385650224215,0.7935779816513762,0.6659501378203809
0.5829596412556054,0.7935779816513762,0.6659501378203809
0.5840807174887892,0.7935779816513762,0.6659501378203809
0.5840807174887892,0.7958715596330275,0.6659501378203809
0.5840807174887892,0.7981651376146789,0.6659501378203809
0.5852017937219731,0.7981651376146789,0.6659501378203809
0.5863228699551569,0.7981651376146789,0.6659501378203809
0.5874439461883408,0.7981651376146789,0.6659501378203809
0.5885650224215246,0.7981651376146789,0.6659501378203809
0.5896860986547086,0.7981651376146789,0.6659501378203809
0.5908071748878924,0.7981651376146789,0.6659501378203809
0.5919282511210763,0.7981651376146789,0.6659501378203809
0.5930493273542601,0.7981651376146789,0.6659501378203809
0.5930493273542601,0.8004587155963303,0.6659501378203809
0.594170403587444,0.8004587155963303,0.6659501378203809
0.5952914798206278,0.8004587155963303,0.6659501378203809
0.5964125560538116,0.8004587155963303,0.6659501378203809
0.5964125560538116,0.8027522935779816,0.6659501378203809
0.5975336322869955,0.8027522935779816,0.6659501378203809
0.5986547085201793,0.8027522935779816,0.6659501378203809
0.5997757847533632,0.8027522935779816,0.6659501378203809
0.600896860986547,0.8027522935779816,0.6659501378203809
0.602017937219731,0.8027522935779816,0.6659501378203809
0.602017937219731,0.805045871559633,0.6659501378203809
0.6031390134529148,0.805045871559633,0.6659501378203809
0.6042600896860987,0.805045871559633,0.6659501378203809
0.6053811659192825,0.805045871559633,0.6659501378203809
0.6065022421524664,0.805045871559633,0.6659501378203809
0.6065022421524664,0.8073394495412844,0.6659501378203809
0.6076233183856502,0.8073394495412844,0.6659501378203809
0.6087443946188341,0.8073394495412844,0.6659501378203809
0.6098654708520179,0.8073394495412844,0.6659501378203809
0.6098654708520179,0.8096330275229358,0.6659501378203809
0.6109865470852018,0.8096330275229358,0.6659501378203809
0.6121076233183856,0.8096330275229358,0.6659501378203809
0.6121076233183856,0.8119266055045872,0.6659501378203809
0.6132286995515696,0.8119266055045872,0.6659501378203809
0.6132286995515696,0.8142201834862385,0.6659501378203809
0.6143497757847534,0.8142201834862385,0.6659501378203809
0.6154708520179372,0.8142201834862385,0.6659501378203809
0.6165919282511211,0.8142201834862385,0.6659501378203809
0.6165919282511211,0.8165137614678899,0.6659501378203809
0.6177130044843049,0.8165137614678899,0.6659501378203809
0.6177130044843049,0.8188073394495413,0.6659501378203809
0.6188340807174888,0.8188073394495413,0.6659501378203809
0.6188340807174888,0.8211009174311926,0.6659501378203809
0.6199551569506726,0.8211009174311926,0.6659501378203809
0.6210762331838565,0.8211009174311926,0.6659501378203809
0.6210762331838565,0.823394495412844,0.6659501378203809
0.6210762331838565,0.8256880733944955,0.6659501378203809
0.6221973094170403,0.8256880733944955,0.6659501378203809
0.6221973094170403,0.8279816513761468,0.6659501378203809
0.6233183856502242,0.8279816513761468,0.6659501378203809
0.624439461883408,0.8279816513761468,0.6659501378203809
0.625560538116592,0.8279816513761468,0.6659501378203809
0.6266816143497758,0.8279816513761468,0.6659501378203809
0.6278026905829597,0.8279816513761468,0.6659501378203809
0.6278026905829597,0.8302752293577982,0.6659501378203809
0.6289237668161435,0.8302752293577982,0.6659501378203809
0.6300448430493274,0.8302752293577982,0.6659501378203809
0.6311659192825112,0.8302752293577982,0.6659501378203809
0.6322869955156951,0.8302752293577982,0.6659501378203809
0.6334080717488789,0.8302752293577982,0.6659501378203809
0.6345291479820628,0.8302752293577982,0.6659501378203809
0.6356502242152466,0.8302752293577982,0.6659501378203809
0.6367713004484304,0.8302752293577982,0.6659501378203809
0.6367713004484304,0.8325688073394495,0.6659501378203809
0.6378923766816144,0.8325688073394495,0.6659501378203809
0.6390134529147982,0.8325688073394495,0.6659501378203809
0.6401345291479821,0.8325688073394495,0.6659501378203809
0.6412556053811659,0.8325688073394495,0.6659501378203809
0.6412556053811659,0.8348623853211009,0.6659501378203809
0.6423766816143498,0.8348623853211009,0.6659501378203809
0.6423766816143498,0.8371559633027523,0.6659501378203809
0.6434977578475336,0.8371559633027523,0.6659501378203809
0.6446188340807175,0.8371559633027523,0.6659501378203809
0.6457399103139013,0.8371559633027523,0.6659501378203809
0.6468609865470852,0.8371559633027523,0.6659501378203809
0.6468609865470852,0.8394495412844036,0.6659501378203809
0.647982062780269,0.8394495412844036,0.6659501378203809
0.649103139013453,0.8394495412844036,0.6659501378203809
0.6502242152466368,0.8394495412844036,0.6659501378203809
0.6513452914798207,0.8394495412844036,0.6659501378203809
0.6524663677130045,0.8394495412844036,0.6659501378203809
0.6535874439461884,0.8394495412844036,0.6659501378203809
0.6535874439461884,0.841743119266055,0.6659501378203809
0.6547085201793722,0.841743119266055,0.6659501378203809
0.655829596412556,0.841743119266055,0.6659501378203809
0.6569506726457399,0.841743119266055,0.6659501378203809
0.6580717488789237,0.841743119266055,0.6659501378203809
0.6580717488789237,0.8440366972477065,0.6659501378203809
0.6591928251121076,0.8440366972477065,0.6659501378203809
0.6603139013452914,0.8440366972477065,0.6659501378203809
0.6614349775784754,0.8440366972477065,0.6659501378203809
0.6625560538116592,0.8440366972477065,0.6659501378203809
0.6636771300448431,0.8440366972477065,0.6659501378203809
0.6636771300448431,0.8463302752293578,0.6659501378203809
0.6647982062780269,0.8463302752293578,0.6659501378203809
0.6659192825112108,0.8463302752293578,0.6659501378203809
0.6659192825112108,0.8486238532110092,0.6659501378203809
0.6670403587443946,0.8486238532110092,0.6659501378203809
0.6681614349775785,0.8486238532110092,0.6659501378203809
0.6692825112107623,0.8486238532110092,0.6659501378203809
0.6704035874439462,0.8486238532110092,0.6659501378203809
0.6704035874439462,0.8509174311926605,0.6659501378203809
0.6704035874439462,0.8532110091743119,0.6659501378203809
0.67152466367713,0.8532110091743119,0.6659501378203809
0.67152466367713,0.8555045871559633,0.6659501378203809
0.67152466367713,0.8577981651376146,0.6659501378203809
0.672645739910314,0.8577981651376146,0.6659501378203809
0.6737668161434978,0.8577981651376146,0.6659501378203809
0.6748878923766816,0.8577981651376146,0.6659501378203809
0.6760089686098655,0.8577981651376146,0.6659501378203809
0.6760089686098655,0.8600917431192661,0.6659501378203809
0.6771300448430493,0.8600917431192661,0.6659501378203809
0.6771300448430493,0.8623853211009175,0.6659501378203809
0.6782511210762332,0.8623853211009175,0.6659501378203809
0.6782511210762332,0.8646788990825688,0.6659501378203809
0.679372197309417,0.8646788990825688,0.6659501378203809
0.679372197309417,0.8669724770642202,0.6659501378203809
0.679372197309417,0.8692660550458715,0.6659501378203809
0.6804932735426009,0.8692660550458715,0.6659501378203809
0.6816143497757847,0.8692660550458715,0.6659501378203809
0.6827354260089686,0.8692660550458715,0.6659501378203809
0.6838565022421524,0.8692660550458715,0.6659501378203809
0.6849775784753364,0.8692660550458715,0.6659501378203809
0.6860986547085202,0.8692660550458715,0.6659501378203809
0.6872197309417041,0.8692660550458715,0.6659501378203809
0.6883408071748879,0.8692660550458715,0.6659501378203809
0.6883408071748879,0.8715596330275229,0.6659501378203809
0.6894618834080718,0.8715596330275229,0.6659501378203809
0.6905829596412556,0.8715596330275229,0.6659501378203809
0.6917040358744395,0.8715596330275229,0.6659501378203809
0.6917040358744395,0.8738532110091743,0.6659501378203809
0.6917040358744395,0.8761467889908257,0.6659501378203809
0.6928251121076233,0.8761467889908257,0.6659501378203809
0.6939461883408071,0.8761467889908257,0.6659501378203809
0.6939461883408071,0.8784403669724771,0.6659501378203809
0.695067264573991,0.8784403669724771,0.6659501378203809
0.6961883408071748,0.8784403669724771,0.6659501378203809
0.6973094170403588,0.8784403669724771,0.6659501378203809
0.6984304932735426,0.8784403669724771,0.6659501378203809
0.6995515695067265,0.8784403669724771,0.6659501378203809
0.7006726457399103,0.8784403669724771,0.6659501378203809
0.7017937219730942,0.8784403669724771,0.6659501378203809
0.702914798206278,0.8784403669724771,0.6659501378203809
0.7040358744394619,0.8784403669724771,0.6659501378203809
0.7051569506726457,0.8784403669724771,0.6659501378203809
0.7062780269058296,0.8784403669724771,0.6659501378203809
0.7073991031390134,0.8784403669724771,0.6659501378203809
0.7073991031390134,0.8807339449541285,0.6659501378203809
0.7073991031390134,0.8830275229357798,0.6659501378203809
0.7085201793721974,0.8830275229357798,0.6659501378203809
0.7085201793721974,0.8853211009174312,0.6659501378203809
0.7096412556053812,0.8853211009174312,0.6659501378203809
0.7107623318385651,0.8853211009174312,0.6659501378203809
0.7118834080717489,0.8853211009174312,0.6659501378203809
0.7130044843049327,0.8853211009174312,0.6659501378203809
0.7130044843049327,0.8876146788990825,0.6659501378203809
0.7141255605381166,0.8876146788990825,0.6659501378203809
0.7152466367713004,0.8876146788990825,0.6659501378203809
0.7163677130044843,0.8876146788990825,0.6659501378203809
0.7163677130044843,0.8899082568807339,0.6659501378203809
0.7163677130044843,0.8922018348623854,0.6659501378203809
0.7174887892376681,0.8922018348623854,0.6659501378203809
0.718609865470852,0.8922018348623854,0.6659501378203809
0.7197309417040358,0.8922018348623854,0.6659501378203809
0.7208520179372198,0.8922018348623854,0.6659501378203809
0.7219730941704036,0.8922018348623854,0.6659501378203809
0.7230941704035875,0.8922018348623854,0.6659501378203809
0.7242152466367713,0.8922018348623854,0.6659501378203809
0.7253363228699552,0.8922018348623854,0.6659501378203809
0.726457399103139,0.8922018348623854,0.6659501378203809
0.7275784753363229,0.8922018348623854,0.6659501378203809
0.7286995515695067,0.8922018348623854,0.6659501378203809
0.7298206278026906,0.8922018348623854,0.6659501378203809
0.7309417040358744,0.8922018348623854,0.6659501378203809
0.7320627802690582,0.8922018348623854,0.6659501378203809
0.7331838565022422,0.8922018348623854,0.6659501378203809
0.7331838565022422,0.8944954128440367,0.6659501378203809
0.734304932735426,0.8944954128440367,0.6659501378203809
0.7354260089686099,0.8944954128440367,0.6659501378203809
0.7365470852017937,0.8944954128440367,0.6659501378203809
0.7376681614349776,0.8944954128440367,0.6659501378203809
0.7387892376681614,0.8944954128440367,0.6659501378203809
0.7387892376681614,0.8967889908256881,0.6659501378203809
0.7387892376681614,0.8990825688073395,0.6659501378203809
0.7399103139013453,0.8990825688073395,0.6659501378203809
0.7410313901345291,0.8990825688073395,0.6659501378203809
0.742152466367713,0.8990825688073395,0.6659501378203809
0.7432735426008968,0.8990825688073395,0.6659501378203809
0.7443946188340808,0.8990825688073395,0.6659501378203809
0.7443946188340808,0.9013761467889908,0.6659501378203809
0.7443946188340808,0.9036697247706422,0.6659501378203809
0.7455156950672646,0.9036697247706422,0.6659501378203809
0.7466367713004485,0.9036697247706422,0.6659501378203809
0.7477578475336323,0.9036697247706422,0.6659501378203809
0.7488789237668162,0.9036697247706422,0.6659501378203809
0.75,0.9036697247706422,0.6659501378203809
0.7511210762331838,0.9036697247706422,0.6659501378203809
0.7511210762331838,0.9059633027522935,0.6659501378203809
0.7511210762331838,0.908256880733945,0.6659501378203809
0.7522421524663677,0.908256880733945,0.6659501378203809
0.7533632286995515,0.908256880733945,0.6659501378203809
0.7544843049327354,0.908256880733945,0.6659501378203809
0.7556053811659192,0.908256880733945,0.6659501378203809
0.7567264573991032,0.908256880733945,0.6659501378203809
0.757847533632287,0.908256880733945,0.6659501378203809
0.7589686098654709,0.908256880733945,0.6659501378203809
0.7600896860986547,0.908256880733945,0.6659501378203809
0.7612107623318386,0.908256880733945,0.6659501378203809
0.7623318385650224,0.908256880733945,0.6659501378203809
0.7623318385650224,0.9105504587155964,0.6659501378203809
0.7634529147982063,0.9105504587155964,0.6659501378203809
0.7645739910313901,0.9105504587155964,0.6659501378203809
0.765695067264574,0.9105504587155964,0.6659501378203809
0.7668161434977578,0.9105504587155964,0.6659501378203809
0.7679372197309418,0.9105504587155964,0.6659501378203809
0.7690582959641256,0.9105504587155964,0.6659501378203809
0.7701793721973094,0.9105504587155964,0.6659501378203809
0.7713004484304933,0.9105504587155964,0.6659501378203809
0.7724215246636771,0.9105504587155964,0.6659501378203809
0.773542600896861,0.9105504587155964,0.6659501378203809
0.773542600896861,0.9128440366972477,0.6659501378203809
0.7746636771300448,0.9128440366972477,0.6659501378203809
0.7757847533632287,0.9128440366972477,0.6659501378203809
0.7769058295964125,0.9128440366972477,0.6659501378203809
0.7780269058295964,0.9128440366972477,0.6659501378203809
0.7791479820627802,0.9128440366972477,0.6659501378203809
0.7802690582959642,0.9128440366972477,0.6659501378203809
0.781390134529148,0.9128440366972477,0.6659501378203809
0.7825112107623319,0.9128440366972477,0.6659501378203809
0.7836322869955157,0.9128440366972477,0.6659501378203809
0.7847533632286996,0.9128440366972477,0.6659501378203809
0.7858744394618834,0.9128440366972477,0.6659501378203809
0.7869955156950673,0.9128440366972477,0.6659501378203809
0.7881165919282511,0.9128440366972477,0.6659501378203809
0.7892376681614349,0.9128440366972477,0.6659501378203809
0.7892376681614349,0.9151376146788991,0.6659501378203809
0.7903587443946188,0.9151376146788991,0.6659501378203809
0.7914798206278026,0.9151376146788991,0.6659501378203809
0.7914798206278026,0.9174311926605505,0.6659501378203809
0.7926008968609866,0.9174311926605505,0.6659501378203809
0.7926008968609866,0.9197247706422018,0.6659501378203809
0.7926008968609866,0.9220183486238532,0.6659501378203809
0.7937219730941704,0.9220183486238532,0.6659501378203809
0.7948430493273543,0.9220183486238532,0.6659501378203809
0.7948430493273543,0.9243119266055045,0.6659501378203809
0.7959641255605381,0.9243119266055045,0.6659501378203809
0.797085201793722,0.9243119266055045,0.6659501378203809
0.7982062780269058,0.9243119266055045,0.6659501378203809
0.7993273542600897,0.9243119266055045,0.6659501378203809
0.8004484304932735,0.9243119266055045,0.6659501378203809
0.8015695067264574,0.9243119266055045,0.6659501378203809
0.8026905829596412,0.9243119266055045,0.6659501378203809
0.8038116591928252,0.9243119266055045,0.6659501378203809
0.804932735426009,0.9243119266055045,0.6659501378203809
0.8060538116591929,0.9243119266055045,0.6659501378203809
0.8071748878923767,0.9243119266055045,0.6659501378203809
0.8082959641255605,0.9243119266055045,0.6659501378203809
0.8094170403587444,0.9243119266055045,0.6659501378203809
0.8105381165919282,0.9243119266055045,0.6659501378203809
0.8116591928251121,0.9243119266055045,0.6659501378203809
0.8127802690582959,0.9243119266055045,0.6659501378203809
0.8139013452914798,0.9243119266055045,0.6659501378203809
0.8150224215246636,0.9243119266055045,0.6659501378203809
0.8161434977578476,0.9243119266055045,0.6659501378203809
0.8172645739910314,0.9243119266055045,0.6659501378203809
0.8183856502242153,0.9243119266055045,0.6659501378203809
0.8195067264573991,0.9243119266055045,0.6659501378203809
0.820627802690583,0.9243119266055045,0.6659501378203809
0.8217488789237668,0.9243119266055045,0.6659501378203809
0.8228699551569507,0.9243119266055045,0.6659501378203809
0.8239910313901345,0.9243119266055045,0.6659501378203809
0.8251121076233184,0.9243119266055045,0.6659501378203809
0.8251121076233184,0.926605504587156,0.6659501378203809
0.8262331838565022,0.926605504587156,0.6659501378203809
0.827354260089686,0.926605504587156,0.6659501378203809
0.82847533632287,0.926605504587156,0.6659501378203809
0.8295964125560538,0.926605504587156,0.6659501378203809
0.8295964125560538,0.9288990825688074,0.6659501378203809
0.8307174887892377,0.9288990825688074,0.6659501378203809
0.8318385650224215,0.9288990825688074,0.6659501378203809
0.8329596412556054,0.9288990825688074,0.6659501378203809
0.8340807174887892,0.9288990825688074,0.6659501378203809
0.8340807174887892,0.9311926605504587,0.6659501378203809
0.8352017937219731,0.9311926605504587,0.6659501378203809
0.8363228699551569,0.9311926605504587,0.6659501378203809
0.8374439461883408,0.9311926605504587,0.6659501378203809
0.8385650224215246,0.9311926605504587,0.6659501378203809
0.8396860986547086,0.9311926605504587,0.6659501378203809
0.8408071748878924,0.9311926605504587,0.6659501378203809
0.8419282511210763,0.9311926605504587,0.6659501378203809
0.8419282511210763,0.9334862385321101,0.6659501378203809
0.8430493273542601,0.9334862385321101,0.6659501378203809
0.844170403587444,0.9334862385321101,0.6659501378203809
0.8452914798206278,0.9334862385321101,0.6659501378203809
0.8464125560538116,0.9334862385321101,0.6659501378203809
0.8475336322869955,0.9334862385321101,0.6659501378203809
0.8486547085201793,0.9334862385321101,0.6659501378203809
0.8497757847533632,0.9334862385321101,0.6659501378203809
0.850896860986547,0.9334862385321101,0.6659501378203809
0.850896860986547,0.9357798165137615,0.6659501378203809
0.850896860986547,0.9380733944954128,0.6659501378203809
0.852017937219731,0.9380733944954128,0.6659501378203809
0.8531390134529148,0.9380733944954128,0.6659501378203809
0.8542600896860987,0.9380733944954128,0.6659501378203809
0.8542600896860987,0.9403669724770642,0.6659501378203809
0.8553811659192825,0.9403669724770642,0.6659501378203809
0.8565022421524664,0.9403669724770642,0.6659501378203809
0.8576233183856502,0.9403669724770642,0.6659501378203809
0.8587443946188341,0.9403669724770642,0.6659501378203809
0.8598654708520179,0.9403669724770642,0.6659501378203809
0.8609865470852018,0.9403669724770642,0.6659501378203809
0.8621076233183856,0.9403669724770642,0.6659501378203809
0.8632286995515696,0.9403669724770642,0.6659501378203809
0.8643497757847534,0.9403669724770642,0.6659501378203809
0.8654708520179372,0.9403669724770642,0.6659501378203809
0.8665919282511211,0.9403669724770642,0.6659501378203809
0.8677130044843049,0.9403669724770642,0.6659501378203809
0.8688340807174888,0.9403669724770642,0.6659501378203809
0.8699551569506726,0.9403669724770642,0.6659501378203809
0.8699551569506726,0.9426605504587156,0.6659501378203809
0.8710762331838565,0.9426605504587156,0.6659501378203809
0.8710762331838565,0.944954128440367,0.6659501378203809
0.8721973094170403,0.944954128440367,0.6659501378203809
0.8721973094170403,0.9472477064220184,0.6659501378203809
0.8733183856502242,0.9472477064220184,0.6659501378203809
0.874439461883408,0.9472477064220184,0.6659501378203809
0.874439461883408,0.9495412844036697,0.6659501378203809
0.874439461883408,0.9518348623853211,0.6659501378203809
0.874439461883408,0.9541284403669725,0.6659501378203809
0.875560538116592,0.9541284403669725,0.6659501378203809
0.8766816143497758,0.9541284403669725,0.6659501378203809
0.8778026905829597,0.9541284403669725,0.6659501378203809
0.8789237668161435,0.9541284403669725,0.6659501378203809
0.8800448430493274,0.9541284403669725,0.6659501378203809
0.8811659192825112,0.9541284403669725,0.6659501378203809
0.8822869955156951,0.9541284403669725,0.6659501378203809
0.8834080717488789,0.9541284403669725,0.6659501378203809
0.8845291479820628,0.9541284403669725,0.6659501378203809
0.8845291479820628,0.9564220183486238,0.6659501378203809
0.8856502242152466,0.9564220183486238,0.6659501378203809
0.8867713004484304,0.9564220183486238,0.6659501378203809
0.8878923766816144,0.9564220183486238,0.6659501378203809
0.8890134529147982,0.9564220183486238,0.6659501378203809
0.8901345291479821,0.9564220183486238,0.6659501378203809
0.8912556053811659,0.9564220183486238,0.6659501378203809
0.8923766816143498,0.9564220183486238,0.6659501378203809
0.8934977578475336,0.9564220183486238,0.6659501378203809
0.8946188340807175,0.9564220183486238,0.6659501378203809
0.8957399103139013,0.9564220183486238,0.6659501378203809
0.8957399103139013,0.9587155963302753,0.6659501378203809
0.8968609865470852,0.9587155963302753,0.6659501378203809
0.897982062780269,0.9587155963302753,0.6659501378203809
0.899103139013453,0.9587155963302753,0.6659501378203809
0.9002242152466368,0.9587155963302753,0.6659501378203809
0.9013452914798207,0.9587155963302753,0.6659501378203809
0.9024663677130045,0.9587155963302753,0.6659501378203809
0.9035874439461884,0.9587155963302753,0.6659501378203809
0.9047085201793722,0.9587155963302753,0.6659501378203809
0.905829596412556,0.9587155963302753,0.6659501378203809
0.905829596412556,0.9610091743119266,0.6659501378203809
0.9069506726457399,0.9610091743119266,0.6659501378203809
0.9080717488789237,0.9610091743119266,0.6659501378203809
0.9091928251121076,0.9610091743119266,0.6659501378203809
0.9103139013452914,0.9610091743119266,0.6659501378203809
0.9114349775784754,0.9610091743119266,0.6659501378203809
0.9114349775784754,0.963302752293578,0.6659501378203809
0.9125560538116592,0.963302752293578,0.6659501378203809
0.9136771300448431,0.963302752293578,0.6659501378203809
0.9147982062780269,0.963302752293578,0.6659501378203809
0.9159192825112108,0.963302752293578,0.6659501378203809
0.9170403587443946,0.963302752293578,0.6659501378203809
0.9181614349775785,0.963302752293578,0.6659501378203809
0.9192825112107623,0.963302752293578,0.6659501378203809
0.9204035874439462,0.963302752293578,0.6659501378203809
0.92152466367713,0.963302752293578,0.6659501378203809
0.922645739910314,0.963302752293578,0.6659501378203809
0.9237668161434978,0.963302752293578,0.6659501378203809
0.9248878923766816,0.963302752293578,0.6659501378203809
0.9260089686098655,0.963302752293578,0.6659501378203809
0.9271300448430493,0.963302752293578,0.6659501378203809
0.9282511210762332,0.963302752293578,0.6659501378203809
0.929372197309417,0.963302752293578,0.6659501378203809
0.9304932735426009,0.963302752293578,0.6659501378203809
0.9316143497757847,0.963302752293578,0.6659501378203809
0.9327354260089686,0.963302752293578,0.6659501378203809
0.9338565022421524,0.963302752293578,0.6659501378203809
0.9349775784753364,0.963302752293578,0.6659501378203809
0.9360986547085202,0.963302752293578,0.6659501378203809
0.9372197309417041,0.963302752293578,0.6659501378203809
0.9372197309417041,0.9655963302752294,0.6659501378203809
0.9372197309417041,0.9678899082568807,0.6659501378203809
0.9383408071748879,0.9678899082568807,0.6659501378203809
0.9394618834080718,0.9678899082568807,0.6659501378203809
0.9405829596412556,0.9678899082568807,0.6659501378203809
0.9417040358744395,0.9678899082568807,0.6659501378203809
0.9417040358744395,0.9701834862385321,0.6659501378203809
0.9428251121076233,0.9701834862385321,0.6659501378203809
0.9439461883408071,0.9701834862385321,0.6659501378203809
0.945067264573991,0.9701834862385321,0.6659501378203809
0.9461883408071748,0.9701834862385321,0.6659501378203809
0.9473094170403588,0.9701834862385321,0.6659501378203809
0.9484304932735426,0.9701834862385321,0.6659501378203809
0.9484304932735426,0.9724770642201835,0.6659501378203809
0.9495515695067265,0.9724770642201835,0.6659501378203809
0.9506726457399103,0.9724770642201835,0.6659501378203809
0.9517937219730942,0.9724770642201835,0.6659501378203809
0.952914798206278,0.9724770642201835,0.6659501378203809
0.9540358744394619,0.9724770642201835,0.6659501378203809
0.9551569506726457,0.9724770642201835,0.6659501378203809
0.9562780269058296,0.9724770642201835,0.6659501378203809
0.9573991031390134,0.9724770642201835,0.6659501378203809
0.9585201793721974,0.9724770642201835,0.6659501378203809
0.9596412556053812,0.9724770642201835,0.6659501378203809
0.9596412556053812,0.9747706422018348,0.6659501378203809
0.9607623318385651,0.9747706422018348,0.6659501378203809
0.9618834080717489,0.9747706422018348,0.6659501378203809
0.9630044843049327,0.9747706422018348,0.6659501378203809
0.9641255605381166,0.9747706422018348,0.6659501378203809
0.9641255605381166,0.9770642201834863,0.6659501378203809
0.9652466367713004,0.9770642201834863,0.6659501378203809
0.9652466367713004,0.9793577981651376,0.6659501378203809
0.9663677130044843,0.9793577981651376,0.6659501378203809
0.9674887892376681,0.9793577981651376,0.6659501378203809
0.968609865470852,0.9793577981651376,0.6659501378203809
0.968609865470852,0.981651376146789,0.6659501378203809
0.968609865470852,0.9839449541284404,0.6659501378203809
0.9697309417040358,0.9839449541284404,0.6659501378203809
0.9697309417040358,0.9862385321100917,0.6659501378203809
0.9697309417040358,0.9885321100917431,0.6659501378203809
0.9708520179372198,0.9885321100917431,0.6659501378203809
0.9708520179372198,0.9908256880733946,0.6659501378203809
0.9719730941704036,0.9908256880733946,0.6659501378203809
0.9719730941704036,0.9931192660550459,0.6659501378203809
0.9719730941704036,0.9954128440366973,0.6659501378203809
0.9730941704035875,0.9954128440366973,0.6659501378203809
0.9742152466367713,0.9954128440366973,0.6659501378203809
0.9742152466367713,0.9977064220183486,0.6659501378203809
0.9753363228699552,0.9977064220183486,0.6659501378203809
0.976457399103139,0.9977064220183486,0.6659501378203809
0.976457399103139,1.0,0.6659501378203809
0.9775784753363229,1.0,0.6659501378203809
0.9786995515695067,1.0,0.6659501378203809
0.9798206278026906,1.0,0.6659501378203809
0.9809417040358744,1.0,0.6659501378203809
0.9820627802690582,1.0,0.6659501378203809
0.9831838565022422,1.0,0.6659501378203809
0.984304932735426,1.0,0.6659501378203809
0.9854260089686099,1.0,0.6659501378203809
0.9865470852017937,1.0,0.6659501378203809
0.9876681614349776,1.0,0.6659501378203809
0.9887892376681614,1.0,0.6659501378203809
0.9899103139013453,1.0,0.6659501378203809
0.9910313901345291,1.0,0.6659501378203809
0.992152466367713,1.0,0.6659501378203809
0.9932735426008968,1.0,0.6659501378203809
0.9943946188340808,1.0,0.6659501378203809
0.9955156950672646,1.0,0.6659501378203809
0.9966367713004485,1.0,0.6659501378203809
0.9977578475336323,1.0,0.6659501378203809
0.9988789237668162,1.0,0.6659501378203809
1.0,1.0,0.6659501378203809
